model,country,mean_js_similarity,mean_total_variation,questions_used
checkpoints/llama3.1-8b-full-prism,Nigeria (Non-national sample),0.7642786129932277,0.28049003024639607,219
checkpoints/llama3.1-8b-full-prism,Egypt (Non-national sample),0.7560547589450615,0.3000416345779326,55
checkpoints/llama3.1-8b-full-prism,Guatemala (Non-national sample),0.7529532907738474,0.29252652211707497,87
checkpoints/llama3.1-8b-full-prism,Uzbekistan,0.7509370355767864,0.290965675325046,89
checkpoints/llama3.1-8b-full-prism,Angola (Non-national sample),0.7491763865377515,0.30145987156626997,86
checkpoints/llama3.1-8b-full-prism,India (Non-national sample),0.7487560326061027,0.2954755335516858,252
checkpoints/llama3.1-8b-full-prism,Burkina Faso,0.7477626143470123,0.2859427856526093,48
checkpoints/llama3.1-8b-full-prism,Ivory Coast (Non-national sample),0.7473479977138268,0.2934293803789477,119
checkpoints/llama3.1-8b-full-prism,Uganda,0.746791722991476,0.2928090372724692,215
checkpoints/llama3.1-8b-full-prism,Honduras (Non-national sample),0.7465459018710443,0.2961776335929289,87
checkpoints/llama3.1-8b-full-prism,Venezuela (Non-national sample),0.7451931320960533,0.3084332665558203,125
checkpoints/llama3.1-8b-full-prism,Tanzania,0.7437363331313824,0.29882288455066436,245
checkpoints/llama3.1-8b-full-prism,Ghana,0.7399020643109038,0.3062627221725053,243
checkpoints/llama3.1-8b-full-prism,Mali (Non-national sample),0.7367545882012293,0.3052959469598252,87
checkpoints/llama3.1-8b-full-prism,Bangladesh (Non-national sample),0.7359246381935804,0.31052613311699423,124
checkpoints/llama3.1-8b-full-prism,Senegal (Non-national sample),0.7324271145594576,0.3169049672513964,119
checkpoints/llama3.1-8b-full-prism,Kuwait,0.7252132837091859,0.3281884340113422,95
checkpoints/llama3.1-8b-full-prism,Bolivia (Non-national sample),0.7245037484336586,0.33411092749142696,125
checkpoints/llama3.1-8b-full-prism,S. Africa,0.7233105528167514,0.32723712993821674,330
checkpoints/llama3.1-8b-full-prism,Mali,0.72015000006294,0.32808099875735813,75
checkpoints/llama3.1-8b-full-prism,Britain,0.7132958684673429,0.3456121270923914,647
checkpoints/llama3.1-8b-full-prism,Czech Rep.,0.7098922905400276,0.3481501696149767,239
checkpoints/llama3.1-8b-full-prism,India (Old national sample),0.708979391683224,0.34785922357773125,83
checkpoints/llama3.1-8b-full-prism,Brazil (Non-national sample),0.7073882796492781,0.3470203833196846,185
checkpoints/llama3.1-8b-full-prism,India (Current national sample),0.7036245476527632,0.349384192903458,229
checkpoints/llama3.1-8b-full-prism,Israel,0.7008282708457556,0.35825473298365745,344
checkpoints/llama3.1-8b-full-prism,S. Africa (Non-national sample),0.6992792993706188,0.36262494006548773,73
checkpoints/llama3.1-8b-full-prism,Kenya,0.6976118186639721,0.35562006216626857,569
checkpoints/llama3.1-8b-full-prism,China (Non-national sample),0.6967039020263652,0.3694733237801471,226
checkpoints/llama3.1-8b-full-prism,Senegal,0.6945445417772093,0.3593617041099493,155
checkpoints/llama3.1-8b-full-prism,Indonesia (Non-national sample),0.6938600573319075,0.370294410398126,105
checkpoints/llama3.1-8b-full-prism,Ethiopia (Non-national sample),0.6911598562468408,0.36936594240692855,75
checkpoints/llama3.1-8b-full-prism,Vietnam (Non-national sample),0.6808308226839908,0.36830855398766404,68
checkpoints/llama3.1-8b-full-prism,USA,0.6796380131354786,0.38266647511164914,846
checkpoints/llama3.1-8b-full-prism,United States,0.6796380131354786,0.38266647511164914,846
checkpoints/llama3.1-8b-full-prism,El Salvador,0.6784871602036421,0.384032667521465,92
checkpoints/llama3.1-8b-full-prism,UK,0.6764220941161376,0.3899127421849929,846
checkpoints/llama3.1-8b-full-prism,Poland,0.6743795379059782,0.3926398189523834,578
checkpoints/llama3.1-8b-full-prism,Honduras,0.6723246517430681,0.35136167575598887,2
checkpoints/llama3.1-8b-full-prism,Nigeria,0.6693505711700629,0.3855296326995215,469
checkpoints/llama3.1-8b-full-prism,Russia,0.6667758172744586,0.40827993549917857,712
checkpoints/llama3.1-8b-full-prism,Russia (Non-national sample),0.6651892373343868,0.42479018793009315,22
checkpoints/llama3.1-8b-full-prism,France,0.6648364127069547,0.4012573483038708,758
checkpoints/llama3.1-8b-full-prism,Mexico,0.664429922738891,0.4002482595637158,598
checkpoints/llama3.1-8b-full-prism,Philippines,0.662440828001069,0.3922178427858884,495
checkpoints/llama3.1-8b-full-prism,Pakistan,0.6623220620024799,0.4018741548162778,563
checkpoints/llama3.1-8b-full-prism,Germany,0.6619787300069164,0.4070712439234381,844
checkpoints/llama3.1-8b-full-prism,Morocco (Non-national sample),0.6617495447269092,0.4094832741659077,77
checkpoints/llama3.1-8b-full-prism,S. Korea,0.6607699342187389,0.4079149729661085,467
checkpoints/llama3.1-8b-full-prism,Spain,0.6605634135044698,0.4069740745745528,670
checkpoints/llama3.1-8b-full-prism,Palest. ter.,0.660292061881604,0.4116412811665202,234
checkpoints/llama3.1-8b-full-prism,Indonesia,0.6569894631605195,0.40896785578551137,594
checkpoints/llama3.1-8b-full-prism,Italy,0.6563458950800031,0.41545868661081453,609
checkpoints/llama3.1-8b-full-prism,Poland (Non-national sample),0.6542380349570501,0.4493531167754924,8
checkpoints/llama3.1-8b-full-prism,Turkey,0.651520974898002,0.4246776590356053,662
checkpoints/llama3.1-8b-full-prism,Ukraine,0.6487482018368712,0.42285432486994834,475
checkpoints/llama3.1-8b-full-prism,Brazil,0.6472983880710951,0.42115665340500746,493
checkpoints/llama3.1-8b-full-prism,Jordan,0.6465341441984033,0.42575667187499794,597
checkpoints/llama3.1-8b-full-prism,Lebanon,0.6460693214143673,0.4199967309628222,598
checkpoints/llama3.1-8b-full-prism,Canada,0.6453585622213273,0.4241490995145476,663
checkpoints/llama3.1-8b-full-prism,Chile,0.6410556660807931,0.4292348040873565,403
checkpoints/llama3.1-8b-full-prism,Peru,0.6408916697004537,0.427966162234501,417
checkpoints/llama3.1-8b-full-prism,Ivory Coast,0.6384655613901031,0.4156833080204525,2
checkpoints/llama3.1-8b-full-prism,Argentina,0.6380349903255297,0.4346333169269136,571
checkpoints/llama3.1-8b-full-prism,Angola,0.6335630360616148,0.41064961797672883,2
checkpoints/llama3.1-8b-full-prism,Bulgaria,0.6320854791084928,0.4466588802087914,302
checkpoints/llama3.1-8b-full-prism,Slovakia,0.6316965886563667,0.4456216139196922,386
checkpoints/llama3.1-8b-full-prism,Tunisia,0.6276560928175946,0.4423673304732404,421
checkpoints/llama3.1-8b-full-prism,Japan,0.6267855285774308,0.4504347757439164,708
checkpoints/llama3.1-8b-full-prism,Egypt,0.6229549937245624,0.4524242050264229,421
checkpoints/llama3.1-8b-full-prism,Malaysia,0.6221153122326784,0.4468742239069855,376
checkpoints/llama3.1-8b-full-prism,Australia,0.6218300477207532,0.4539171329077903,538
checkpoints/llama3.1-8b-full-prism,Ethiopia,0.6163864947057365,0.4513254969359398,232
checkpoints/llama3.1-8b-full-prism,Hungary,0.6117795422429868,0.4689871040266469,302
checkpoints/llama3.1-8b-full-prism,Thailand,0.6085622737092228,0.4613509316099471,252
checkpoints/llama3.1-8b-full-prism,Morocco,0.6084314878309627,0.4590673746952014,273
checkpoints/llama3.1-8b-full-prism,Venezuela,0.6051374338394776,0.46734109843494964,345
checkpoints/llama3.1-8b-full-prism,Vietnam,0.6032163137095786,0.46358320134727,317
checkpoints/llama3.1-8b-full-prism,Libya,0.6030564032042749,0.47011198147294253,199
checkpoints/llama3.1-8b-full-prism,Zimbabwe,0.6027993334948971,0.47040463685230127,199
checkpoints/llama3.1-8b-full-prism,Taiwan,0.6004793752323867,0.4836643132445796,49
checkpoints/llama3.1-8b-full-prism,Bolivia,0.5988878559924987,0.4820514963845661,253
checkpoints/llama3.1-8b-full-prism,Lithuania,0.5987813821295116,0.4850064565895324,237
checkpoints/llama3.1-8b-full-prism,Pakistan (Non-national sample),0.5961640333802599,0.5039844370049363,24
checkpoints/llama3.1-8b-full-prism,Kazakhstan,0.5956548003529161,0.48877100142802066,196
checkpoints/llama3.1-8b-full-prism,Iraq,0.5952882302289947,0.46917965350053764,189
checkpoints/llama3.1-8b-full-prism,Colombia,0.5946965935161482,0.4765037416986275,280
checkpoints/llama3.1-8b-full-prism,Netherlands,0.5943634570408735,0.4871619276799984,468
checkpoints/llama3.1-8b-full-prism,Greece,0.5942990892808314,0.4860348506371823,467
checkpoints/llama3.1-8b-full-prism,Uruguay,0.5942401388026904,0.4849011828296392,199
checkpoints/llama3.1-8b-full-prism,Kyrgyzstan,0.593526485605563,0.48769774821266304,195
checkpoints/llama3.1-8b-full-prism,Sweden,0.593480088030195,0.48556879763061933,411
checkpoints/llama3.1-8b-full-prism,Nicaragua,0.5930914019072226,0.47816380831712835,250
checkpoints/llama3.1-8b-full-prism,Bangladesh,0.5899477068396967,0.48191875353637115,255
checkpoints/llama3.1-8b-full-prism,Ecuador,0.5883051254190275,0.493005812735122,199
checkpoints/llama3.1-8b-full-prism,Armenia,0.5868000365364974,0.49309001708860384,199
checkpoints/llama3.1-8b-full-prism,Iran,0.5850890284349621,0.4941420040768739,194
checkpoints/llama3.1-8b-full-prism,Romania,0.5828809236511517,0.5066452482012703,199
checkpoints/llama3.1-8b-full-prism,Myanmar,0.5822916284942606,0.4768117617123011,196
checkpoints/llama3.1-8b-full-prism,Andorra,0.5813968905114024,0.5036414475544653,198
checkpoints/llama3.1-8b-full-prism,Serbia,0.5811067242635832,0.5046274742105611,199
checkpoints/llama3.1-8b-full-prism,Maldives,0.5810034770330992,0.49991040059107694,199
checkpoints/llama3.1-8b-full-prism,Guatemala,0.5780648266097742,0.49173682203912383,201
checkpoints/llama3.1-8b-full-prism,China,0.5779287478448257,0.5062896717940084,289
checkpoints/llama3.1-8b-full-prism,Puerto Rico,0.5769098846976516,0.49510091745325474,199
checkpoints/llama3.1-8b-full-prism,Tajikistan,0.5746127578916158,0.48442490079089956,190
checkpoints/llama3.1-8b-full-prism,Albania,0.5732498998145696,0.5195551679454958,115
checkpoints/llama3.1-8b-full-prism,Cyprus,0.5707328959305356,0.5208530930625893,199
checkpoints/llama3.1-8b-full-prism,North Macedonia,0.566731024879538,0.5226333661478111,115
checkpoints/llama3.1-8b-full-prism,New Zealand,0.5647884811825208,0.5183767125245091,248
checkpoints/llama3.1-8b-full-prism,Mongolia,0.5626078415258129,0.516325453612813,199
checkpoints/llama3.1-8b-full-prism,Czechia,0.5620172151848271,0.5319283321551368,199
checkpoints/llama3.1-8b-full-prism,Montenegro,0.5588051504953478,0.5286612739696828,115
checkpoints/llama3.1-8b-full-prism,Northern Ireland,0.5579315935486282,0.5249258639059383,198
checkpoints/llama3.1-8b-full-prism,Belarus,0.557498923845312,0.5337777112722727,115
checkpoints/llama3.1-8b-full-prism,Great Britain,0.5565360036375955,0.5339453952750084,199
checkpoints/llama3.1-8b-full-prism,Bosnia Herzegovina,0.5563159545449793,0.534629643151029,115
checkpoints/llama3.1-8b-full-prism,Singapore,0.5538270674203127,0.5322031303467316,245
checkpoints/llama3.1-8b-full-prism,Georgia,0.5524180199795331,0.5340539168408354,115
checkpoints/llama3.1-8b-full-prism,Belgium,0.5469143262037967,0.5498990591065723,103
checkpoints/llama3.1-8b-full-prism,Croatia,0.545170739879424,0.5502933037276638,115
checkpoints/llama3.1-8b-full-prism,Hong Kong SAR,0.5441853893749744,0.5540046172933933,199
checkpoints/llama3.1-8b-full-prism,Taiwan ROC,0.5432026803331682,0.540187188599735,199
checkpoints/llama3.1-8b-full-prism,Austria,0.5429470971927184,0.5511460420438621,115
checkpoints/llama3.1-8b-full-prism,Latvia,0.5402466398227537,0.5585632678325672,116
checkpoints/llama3.1-8b-full-prism,Estonia,0.5328699251894148,0.5678349946500088,115
checkpoints/llama3.1-8b-full-prism,Slovenia,0.5309843684292638,0.5689294289419532,115
checkpoints/llama3.1-8b-full-prism,Macau SAR,0.5306218174111865,0.5674089417347977,198
checkpoints/llama3.1-8b-full-prism,Finland,0.5289272559611067,0.5641240925569558,115
checkpoints/llama3.1-8b-full-prism,Portugal,0.5230485322902481,0.576781081960737,115
checkpoints/llama3.1-8b-full-prism,Norway,0.521585915749951,0.5674450136102058,115
checkpoints/llama3.1-8b-full-prism,Switzerland,0.5194500356388648,0.5773869670553456,115
checkpoints/llama3.1-8b-full-prism,Denmark,0.5154044318418882,0.5803573311445023,175
checkpoints/llama3.1-8b-full-prism,Azerbaijan,0.5153465729555547,0.5759960057387407,115
checkpoints/llama3.1-8b-full-prism,Iceland,0.5133165529202571,0.5794694353936741,114
checkpoints/llama3.1-8b-full-prism,South Korea,0.49876609576225167,0.6012206481293185,199
checkpoints/llama3.1-8b-full-prism,Jordan (Non-national sample),0.48058383432515916,0.5966702793210021,1
checkpoints/llama3.1-8b-full-prism,Philippines (Non-national sample),0.45645623702420335,0.6047486991032788,1
checkpoints/llama3.1-8b-full-prism,Colombia (Non-national sample),0.45070177430327085,0.6261742347416697,1
checkpoints/llama3.1-8b-full-prism,Tanzania (Non-national sample),0.4473400845877321,0.6222032172934767,1
checkpoints/llama3.1-8b-soft-panel,Nigeria (Non-national sample),0.757783619417764,0.2913030301272823,219
checkpoints/llama3.1-8b-soft-panel,Uzbekistan,0.7530350871755822,0.29152984631530643,89
checkpoints/llama3.1-8b-soft-panel,Honduras (Non-national sample),0.74635030519294,0.2995753065477842,87
checkpoints/llama3.1-8b-soft-panel,Guatemala (Non-national sample),0.7460383540156504,0.3013427396321659,87
checkpoints/llama3.1-8b-soft-panel,India (Non-national sample),0.7456525942417196,0.2999958812040166,252
checkpoints/llama3.1-8b-soft-panel,Angola (Non-national sample),0.7434784297164374,0.3107321140757709,86
checkpoints/llama3.1-8b-soft-panel,Egypt (Non-national sample),0.7428549454375949,0.32003234888739357,55
checkpoints/llama3.1-8b-soft-panel,Ivory Coast (Non-national sample),0.7428055295589172,0.30332860832707687,119
checkpoints/llama3.1-8b-soft-panel,Uganda,0.7400923048562671,0.30363296907848597,215
checkpoints/llama3.1-8b-soft-panel,Burkina Faso,0.7362752819455896,0.30494773938098624,48
checkpoints/llama3.1-8b-soft-panel,Mali (Non-national sample),0.7361937675126448,0.30934727421100555,87
checkpoints/llama3.1-8b-soft-panel,Bangladesh (Non-national sample),0.7357469105015583,0.3128710970203747,124
checkpoints/llama3.1-8b-soft-panel,Venezuela (Non-national sample),0.7332777528385639,0.3251070990970727,125
checkpoints/llama3.1-8b-soft-panel,Tanzania,0.7329322316525839,0.31359456562113275,245
checkpoints/llama3.1-8b-soft-panel,Ghana,0.7266560322108016,0.3265676091732063,243
checkpoints/llama3.1-8b-soft-panel,Senegal (Non-national sample),0.7256013760306289,0.32924847005405905,119
checkpoints/llama3.1-8b-soft-panel,Mali,0.7173877841076152,0.3369690209763097,75
checkpoints/llama3.1-8b-soft-panel,Kuwait,0.7162840289420502,0.34004002835741093,95
checkpoints/llama3.1-8b-soft-panel,Bolivia (Non-national sample),0.7128143042546161,0.3524398236312348,125
checkpoints/llama3.1-8b-soft-panel,S. Africa,0.7060403601897011,0.34990439046082145,330
checkpoints/llama3.1-8b-soft-panel,Britain,0.6999334252412079,0.364401760625942,647
checkpoints/llama3.1-8b-soft-panel,India (Old national sample),0.6966473264150516,0.364014966805951,83
checkpoints/llama3.1-8b-soft-panel,Czech Rep.,0.6962054866921583,0.36752632809725344,239
checkpoints/llama3.1-8b-soft-panel,Brazil (Non-national sample),0.6948858302038917,0.3646538149247513,185
checkpoints/llama3.1-8b-soft-panel,S. Africa (Non-national sample),0.6909036446519939,0.3789197984805879,73
checkpoints/llama3.1-8b-soft-panel,Kenya,0.6892464871336716,0.3687371647424386,569
checkpoints/llama3.1-8b-soft-panel,Indonesia (Non-national sample),0.688147101572588,0.3814467451142907,105
checkpoints/llama3.1-8b-soft-panel,Vietnam (Non-national sample),0.6872004109994414,0.36206052058722954,68
checkpoints/llama3.1-8b-soft-panel,India (Current national sample),0.6839733881592717,0.3758524754352109,229
checkpoints/llama3.1-8b-soft-panel,China (Non-national sample),0.6838867820449471,0.38605562499215357,226
checkpoints/llama3.1-8b-soft-panel,Israel,0.6830144864135008,0.38414297695292177,344
checkpoints/llama3.1-8b-soft-panel,Ethiopia (Non-national sample),0.681461138099313,0.38530280182847143,75
checkpoints/llama3.1-8b-soft-panel,Senegal,0.6807357379950087,0.3803387642519162,155
checkpoints/llama3.1-8b-soft-panel,USA,0.671525394557821,0.39454834189609395,846
checkpoints/llama3.1-8b-soft-panel,United States,0.671525394557821,0.39454834189609395,846
checkpoints/llama3.1-8b-soft-panel,Honduras,0.669987398403626,0.3561993708712753,2
checkpoints/llama3.1-8b-soft-panel,El Salvador,0.669012017422095,0.3975144767447188,92
checkpoints/llama3.1-8b-soft-panel,UK,0.6675012794814675,0.40292776286166676,846
checkpoints/llama3.1-8b-soft-panel,Russia (Non-national sample),0.6623353300871951,0.42565775554423585,22
checkpoints/llama3.1-8b-soft-panel,Nigeria,0.6611427466251029,0.39879688919468803,469
checkpoints/llama3.1-8b-soft-panel,Poland,0.6595645736129148,0.41303139132281314,578
checkpoints/llama3.1-8b-soft-panel,Philippines,0.658951638662526,0.40101884865475046,495
checkpoints/llama3.1-8b-soft-panel,Pakistan,0.6580687949107995,0.40811572101517324,563
checkpoints/llama3.1-8b-soft-panel,France,0.6546796423058932,0.41652900054487974,758
checkpoints/llama3.1-8b-soft-panel,Germany,0.653785463813441,0.4191714095576665,844
checkpoints/llama3.1-8b-soft-panel,Russia,0.6531047740892494,0.4281359440278626,712
checkpoints/llama3.1-8b-soft-panel,Mexico,0.6529704911807552,0.4161311793393205,598
checkpoints/llama3.1-8b-soft-panel,Spain,0.6511647477466076,0.4202587316014054,670
checkpoints/llama3.1-8b-soft-panel,Morocco (Non-national sample),0.6499688663749235,0.4229210185159668,77
checkpoints/llama3.1-8b-soft-panel,Palest. ter.,0.647555113678162,0.42770938083052484,234
checkpoints/llama3.1-8b-soft-panel,S. Korea,0.6470765105069229,0.42766410697235324,467
checkpoints/llama3.1-8b-soft-panel,Indonesia,0.6464985812333981,0.424365605326008,594
checkpoints/llama3.1-8b-soft-panel,Italy,0.6438926373770405,0.43320716896007555,609
checkpoints/llama3.1-8b-soft-panel,Ukraine,0.6407603718478907,0.43505553488150844,475
checkpoints/llama3.1-8b-soft-panel,Turkey,0.6407497064138642,0.43816910825790845,662
checkpoints/llama3.1-8b-soft-panel,Poland (Non-national sample),0.640002649383948,0.4660907328892755,8
checkpoints/llama3.1-8b-soft-panel,Lebanon,0.6399660358366833,0.42855328430166495,598
checkpoints/llama3.1-8b-soft-panel,Angola,0.6386262133383839,0.39954698624488105,2
checkpoints/llama3.1-8b-soft-panel,Brazil,0.6369062255070711,0.43451649496881023,493
checkpoints/llama3.1-8b-soft-panel,Canada,0.6354500435200431,0.4386277880997394,663
checkpoints/llama3.1-8b-soft-panel,Jordan,0.6349216490965788,0.4420956912741638,597
checkpoints/llama3.1-8b-soft-panel,Chile,0.634918435437705,0.43879407027999145,403
checkpoints/llama3.1-8b-soft-panel,Ivory Coast,0.6344332950896157,0.4231393401096612,2
checkpoints/llama3.1-8b-soft-panel,Peru,0.6342746429944549,0.4385223152615922,417
checkpoints/llama3.1-8b-soft-panel,Argentina,0.6280520450743314,0.4479800109252023,571
checkpoints/llama3.1-8b-soft-panel,Slovakia,0.6262396082570546,0.4545450828994957,386
checkpoints/llama3.1-8b-soft-panel,Bulgaria,0.6226790605953202,0.4593737471003427,302
checkpoints/llama3.1-8b-soft-panel,Tunisia,0.6193590959145994,0.4536886976480095,421
checkpoints/llama3.1-8b-soft-panel,Ethiopia,0.6187436336482528,0.4502323516782886,232
checkpoints/llama3.1-8b-soft-panel,Malaysia,0.6186653694404983,0.45433355623185345,376
checkpoints/llama3.1-8b-soft-panel,Japan,0.6150018457895797,0.46673440257855553,708
checkpoints/llama3.1-8b-soft-panel,Egypt,0.6132991766274825,0.46699924447795865,421
checkpoints/llama3.1-8b-soft-panel,Thailand,0.6116847322198536,0.45940337106602963,252
checkpoints/llama3.1-8b-soft-panel,Australia,0.6110432113969841,0.46960779571794986,538
checkpoints/llama3.1-8b-soft-panel,Morocco,0.6108044321874855,0.45882158388038324,273
checkpoints/llama3.1-8b-soft-panel,Zimbabwe,0.6085632028360116,0.46373021957879423,199
checkpoints/llama3.1-8b-soft-panel,Libya,0.6033613362603294,0.4707604371781793,199
checkpoints/llama3.1-8b-soft-panel,Venezuela,0.6018100024095966,0.4720983326850246,345
checkpoints/llama3.1-8b-soft-panel,Vietnam,0.6017596126701629,0.4688803293370001,317
checkpoints/llama3.1-8b-soft-panel,Uruguay,0.5996432511719512,0.477558364044996,199
checkpoints/llama3.1-8b-soft-panel,Iraq,0.5991954680198694,0.4659400654307238,189
checkpoints/llama3.1-8b-soft-panel,Kazakhstan,0.5982863810426247,0.4882624592531286,196
checkpoints/llama3.1-8b-soft-panel,Bolivia,0.5980543586786974,0.48392110324450577,253
checkpoints/llama3.1-8b-soft-panel,Hungary,0.5972794873466346,0.48948159611423636,302
checkpoints/llama3.1-8b-soft-panel,Kyrgyzstan,0.5969509884554647,0.4857342042369093,195
checkpoints/llama3.1-8b-soft-panel,Nicaragua,0.5951587063480073,0.4770991138964342,250
checkpoints/llama3.1-8b-soft-panel,Bangladesh,0.5930863430335678,0.4806567888544709,255
checkpoints/llama3.1-8b-soft-panel,Ecuador,0.5928609736478408,0.4888793549469552,199
checkpoints/llama3.1-8b-soft-panel,Colombia,0.5922333538657828,0.48272381913241114,280
checkpoints/llama3.1-8b-soft-panel,Armenia,0.5900638404015746,0.49099913407465173,199
checkpoints/llama3.1-8b-soft-panel,Iran,0.5892608275882643,0.4917139716934215,194
checkpoints/llama3.1-8b-soft-panel,Lithuania,0.5881074123311264,0.5004643538768753,237
checkpoints/llama3.1-8b-soft-panel,Myanmar,0.5878518005114802,0.47302735284809233,196
checkpoints/llama3.1-8b-soft-panel,Greece,0.5859941647460934,0.49672004971651923,467
checkpoints/llama3.1-8b-soft-panel,Andorra,0.5853693828510528,0.5009705816915976,198
checkpoints/llama3.1-8b-soft-panel,Maldives,0.5849529659671144,0.4965900215250179,199
checkpoints/llama3.1-8b-soft-panel,Sweden,0.5842158548233591,0.4999648966173085,411
checkpoints/llama3.1-8b-soft-panel,Romania,0.5841217242158514,0.5045251262081673,199
checkpoints/llama3.1-8b-soft-panel,Netherlands,0.5838409467519003,0.5023072106659735,468
checkpoints/llama3.1-8b-soft-panel,Serbia,0.5825131603945892,0.5027693805494462,199
checkpoints/llama3.1-8b-soft-panel,Puerto Rico,0.5819702969303174,0.48945856434398255,199
checkpoints/llama3.1-8b-soft-panel,Guatemala,0.5815838943701495,0.48959211062943286,201
checkpoints/llama3.1-8b-soft-panel,Tajikistan,0.5806752959838165,0.4780555363498792,190
checkpoints/llama3.1-8b-soft-panel,Taiwan,0.5798616296956888,0.5100419147527842,49
checkpoints/llama3.1-8b-soft-panel,Pakistan (Non-national sample),0.5770247314285314,0.5258953708888937,24
checkpoints/llama3.1-8b-soft-panel,China,0.5749520528692388,0.5128391495045037,289
checkpoints/llama3.1-8b-soft-panel,Albania,0.5740713864596448,0.5197710575127008,115
checkpoints/llama3.1-8b-soft-panel,Cyprus,0.5733908757866811,0.5175748784736309,199
checkpoints/llama3.1-8b-soft-panel,North Macedonia,0.5675047887975709,0.523009336956121,115
checkpoints/llama3.1-8b-soft-panel,Mongolia,0.5660274015779049,0.5130794084514969,199
checkpoints/llama3.1-8b-soft-panel,Czechia,0.5652757346911395,0.5288068332282951,199
checkpoints/llama3.1-8b-soft-panel,New Zealand,0.5643512202794256,0.5209359749361407,248
checkpoints/llama3.1-8b-soft-panel,Northern Ireland,0.5633723872642418,0.5194361810880849,198
checkpoints/llama3.1-8b-soft-panel,Great Britain,0.5620560618606031,0.5281856696280682,199
checkpoints/llama3.1-8b-soft-panel,Montenegro,0.5590520934183132,0.5298661962730026,115
checkpoints/llama3.1-8b-soft-panel,Bosnia Herzegovina,0.5584407589197697,0.5352190922560517,115
checkpoints/llama3.1-8b-soft-panel,Singapore,0.5563820932961075,0.5320104693477463,245
checkpoints/llama3.1-8b-soft-panel,Belarus,0.5563166224613704,0.5386724349238197,115
checkpoints/llama3.1-8b-soft-panel,Georgia,0.5537861484022308,0.5333381692400947,115
checkpoints/llama3.1-8b-soft-panel,Hong Kong SAR,0.5485356068784593,0.550006360265065,199
checkpoints/llama3.1-8b-soft-panel,Taiwan ROC,0.5478790549345931,0.5368666765599048,199
checkpoints/llama3.1-8b-soft-panel,Croatia,0.5462599482445686,0.5507597671376785,115
checkpoints/llama3.1-8b-soft-panel,Austria,0.5462250743329444,0.548728531214068,115
checkpoints/llama3.1-8b-soft-panel,Latvia,0.5396650081242587,0.55948052188363,116
checkpoints/llama3.1-8b-soft-panel,Macau SAR,0.5368040265537467,0.5605497071144191,198
checkpoints/llama3.1-8b-soft-panel,Belgium,0.5338161805839347,0.5705990039874863,103
checkpoints/llama3.1-8b-soft-panel,Finland,0.5325859107560993,0.5612475281208386,115
checkpoints/llama3.1-8b-soft-panel,Estonia,0.532419085210966,0.5698838259323008,115
checkpoints/llama3.1-8b-soft-panel,Slovenia,0.5320376275197772,0.568963991558484,115
checkpoints/llama3.1-8b-soft-panel,Norway,0.5273900201623599,0.5621290475041331,115
checkpoints/llama3.1-8b-soft-panel,Portugal,0.5257145167286604,0.5745273589932463,115
checkpoints/llama3.1-8b-soft-panel,Switzerland,0.5226054688145946,0.5753219827872095,115
checkpoints/llama3.1-8b-soft-panel,Azerbaijan,0.5176514819603085,0.5749815327120499,115
checkpoints/llama3.1-8b-soft-panel,Denmark,0.5163686481585419,0.5819568294895735,175
checkpoints/llama3.1-8b-soft-panel,Iceland,0.5157933350169952,0.5780765480130846,114
checkpoints/llama3.1-8b-soft-panel,South Korea,0.5047465136386962,0.5934717315080347,199
checkpoints/llama3.1-8b-soft-panel,Jordan (Non-national sample),0.4814523222514506,0.5970078086392546,1
checkpoints/llama3.1-8b-soft-panel,Philippines (Non-national sample),0.45962068355789665,0.6050862284215314,1
checkpoints/llama3.1-8b-soft-panel,Colombia (Non-national sample),0.4524681087591468,0.6265117640599223,1
checkpoints/llama3.1-8b-soft-panel,Tanzania (Non-national sample),0.44937469266648633,0.6233856868536554,1
checkpoints/llama3.1-8b-hard-panel,India (Old national sample),0.7559887753917803,0.28844121899209624,83
checkpoints/llama3.1-8b-hard-panel,Angola (Non-national sample),0.7551655244397774,0.28982706387645174,86
checkpoints/llama3.1-8b-hard-panel,Venezuela (Non-national sample),0.7550036936973095,0.28699635200863965,125
checkpoints/llama3.1-8b-hard-panel,Burkina Faso,0.7532564748728365,0.2884251618531541,48
checkpoints/llama3.1-8b-hard-panel,Czech Rep.,0.751198375939447,0.2863927175602209,239
checkpoints/llama3.1-8b-hard-panel,Guatemala (Non-national sample),0.7502164200709677,0.29197515347447106,87
checkpoints/llama3.1-8b-hard-panel,Egypt (Non-national sample),0.7498573539142624,0.29601299031861783,55
checkpoints/llama3.1-8b-hard-panel,Britain,0.7491486280914279,0.29399626910255544,647
checkpoints/llama3.1-8b-hard-panel,Nigeria (Non-national sample),0.7486686702681058,0.2990765011573292,219
checkpoints/llama3.1-8b-hard-panel,S. Africa,0.7486360842519056,0.29245983178982493,330
checkpoints/llama3.1-8b-hard-panel,Ghana,0.7484214571064614,0.29392646812305384,243
checkpoints/llama3.1-8b-hard-panel,Bolivia (Non-national sample),0.7477279735982856,0.2955597634560123,125
checkpoints/llama3.1-8b-hard-panel,Uganda,0.7443069198264457,0.2950910277823609,215
checkpoints/llama3.1-8b-hard-panel,Israel,0.741200586542213,0.30123451267950785,344
checkpoints/llama3.1-8b-hard-panel,India (Non-national sample),0.7402728576120431,0.3043322697081685,252
checkpoints/llama3.1-8b-hard-panel,Uzbekistan,0.7387710704594749,0.3029000001188998,89
checkpoints/llama3.1-8b-hard-panel,Honduras (Non-national sample),0.7370954861467969,0.3078372874107747,87
checkpoints/llama3.1-8b-hard-panel,Tanzania,0.7370642790983146,0.3048750207214307,245
checkpoints/llama3.1-8b-hard-panel,Ivory Coast (Non-national sample),0.7362815639598653,0.3053674142802829,119
checkpoints/llama3.1-8b-hard-panel,Senegal,0.7344181384654354,0.3035841272959353,155
checkpoints/llama3.1-8b-hard-panel,Senegal (Non-national sample),0.732578872258675,0.309318282330653,119
checkpoints/llama3.1-8b-hard-panel,Poland,0.7318139835987179,0.3156140552904374,578
checkpoints/llama3.1-8b-hard-panel,India (Current national sample),0.730730279906344,0.3125624556282541,229
checkpoints/llama3.1-8b-hard-panel,El Salvador,0.7283239144858883,0.3002461046816677,92
checkpoints/llama3.1-8b-hard-panel,Kuwait,0.7273473046459478,0.32020837121704415,95
checkpoints/llama3.1-8b-hard-panel,Brazil (Non-national sample),0.7261090178582744,0.3137000724594771,185
checkpoints/llama3.1-8b-hard-panel,Mali (Non-national sample),0.7251558902506763,0.3197652512053512,87
checkpoints/llama3.1-8b-hard-panel,Poland (Non-national sample),0.7246152710047609,0.34899244329500323,8
checkpoints/llama3.1-8b-hard-panel,Kenya,0.724435092274023,0.31517715212866637,569
checkpoints/llama3.1-8b-hard-panel,Ethiopia (Non-national sample),0.7239625299697174,0.31851437032923624,75
checkpoints/llama3.1-8b-hard-panel,UK,0.7228104730737848,0.3236067276073398,846
checkpoints/llama3.1-8b-hard-panel,Russia,0.7227679761692335,0.32739048010915633,712
checkpoints/llama3.1-8b-hard-panel,S. Africa (Non-national sample),0.7225147741366225,0.31860010052419363,73
checkpoints/llama3.1-8b-hard-panel,Bangladesh (Non-national sample),0.7211312388844162,0.3289991283519119,124
checkpoints/llama3.1-8b-hard-panel,Mali,0.7207911070302643,0.3206324505518468,75
checkpoints/llama3.1-8b-hard-panel,Mexico,0.7194479868524095,0.322796447211589,598
checkpoints/llama3.1-8b-hard-panel,USA,0.7191961013921212,0.3250163791338863,846
checkpoints/llama3.1-8b-hard-panel,United States,0.7191961013921212,0.3250163791338863,846
checkpoints/llama3.1-8b-hard-panel,China (Non-national sample),0.7157295795378654,0.34093344474014237,226
checkpoints/llama3.1-8b-hard-panel,Italy,0.7118483354990713,0.3388481610496712,609
checkpoints/llama3.1-8b-hard-panel,France,0.7093942475144424,0.3371049270220961,758
checkpoints/llama3.1-8b-hard-panel,Indonesia (Non-national sample),0.7091197619785541,0.3479306835560397,105
checkpoints/llama3.1-8b-hard-panel,Germany,0.7088330135789963,0.3412772662076387,844
checkpoints/llama3.1-8b-hard-panel,Spain,0.7084084174391597,0.3393170453925873,670
checkpoints/llama3.1-8b-hard-panel,Taiwan,0.7070215708934673,0.33842435303134144,49
checkpoints/llama3.1-8b-hard-panel,Chile,0.7057348582525944,0.33721393142811157,403
checkpoints/llama3.1-8b-hard-panel,Brazil,0.7052840239556314,0.34372444014676523,493
checkpoints/llama3.1-8b-hard-panel,Ukraine,0.7050727723750144,0.34431297050154236,475
checkpoints/llama3.1-8b-hard-panel,Palest. ter.,0.7029358063351864,0.3482712960534893,234
checkpoints/llama3.1-8b-hard-panel,Nigeria,0.7021100878317363,0.34031360981677755,469
checkpoints/llama3.1-8b-hard-panel,S. Korea,0.6982840497399223,0.3543683606443562,467
checkpoints/llama3.1-8b-hard-panel,Slovakia,0.6980066331191029,0.35079517604629973,386
checkpoints/llama3.1-8b-hard-panel,Philippines,0.696086739978845,0.3382202960127686,495
checkpoints/llama3.1-8b-hard-panel,Turkey,0.6952900821527034,0.3630216913762324,662
checkpoints/llama3.1-8b-hard-panel,Canada,0.6952840351775283,0.3499143208684393,663
checkpoints/llama3.1-8b-hard-panel,Peru,0.6951922158537117,0.3528804015839166,417
checkpoints/llama3.1-8b-hard-panel,Argentina,0.6944295269254434,0.3570668659198366,571
checkpoints/llama3.1-8b-hard-panel,Hungary,0.6943057655574371,0.3579759175362149,302
checkpoints/llama3.1-8b-hard-panel,Bulgaria,0.6938669537112773,0.35993800904858103,302
checkpoints/llama3.1-8b-hard-panel,Indonesia,0.689615678808772,0.3622625601272877,594
checkpoints/llama3.1-8b-hard-panel,Japan,0.689314157016908,0.3633429716378152,708
checkpoints/llama3.1-8b-hard-panel,Angola,0.6872996523715493,0.3392856731963287,2
checkpoints/llama3.1-8b-hard-panel,Honduras,0.6869868283832588,0.3385100314769358,2
checkpoints/llama3.1-8b-hard-panel,Australia,0.6855041779350384,0.3612475543166995,538
checkpoints/llama3.1-8b-hard-panel,Lebanon,0.6852657132690781,0.36360537348831673,598
checkpoints/llama3.1-8b-hard-panel,Lithuania,0.6833372350779531,0.37103422954924614,237
checkpoints/llama3.1-8b-hard-panel,Pakistan,0.6816740777953203,0.3775711148923532,563
checkpoints/llama3.1-8b-hard-panel,Jordan,0.6812335284099243,0.3754265354815474,597
checkpoints/llama3.1-8b-hard-panel,Thailand,0.6810847193313205,0.360145401315659,252
checkpoints/llama3.1-8b-hard-panel,Tunisia,0.6791582402128605,0.3772594833291489,421
checkpoints/llama3.1-8b-hard-panel,Malaysia,0.6788133973734138,0.3582900834812149,376
checkpoints/llama3.1-8b-hard-panel,Albania,0.6738528113629029,0.3864787599209431,115
checkpoints/llama3.1-8b-hard-panel,Bolivia,0.6733796456426044,0.37383539834976315,253
checkpoints/llama3.1-8b-hard-panel,Russia (Non-national sample),0.6718100847628833,0.4102114305489057,22
checkpoints/llama3.1-8b-hard-panel,Venezuela,0.6695880151923207,0.3711805005398345,345
checkpoints/llama3.1-8b-hard-panel,Serbia,0.6681640693578451,0.3883712082427031,199
checkpoints/llama3.1-8b-hard-panel,Kazakhstan,0.6659733647363584,0.3832429358438771,196
checkpoints/llama3.1-8b-hard-panel,Netherlands,0.6658035067260991,0.38825007692414437,468
checkpoints/llama3.1-8b-hard-panel,Vietnam (Non-national sample),0.6657525134363094,0.38704279399696784,68
checkpoints/llama3.1-8b-hard-panel,Greece,0.6649836355224071,0.3907764455137436,467
checkpoints/llama3.1-8b-hard-panel,Morocco (Non-national sample),0.664848908420255,0.3988321199619093,77
checkpoints/llama3.1-8b-hard-panel,Egypt,0.6646030093023243,0.3931960894119931,421
checkpoints/llama3.1-8b-hard-panel,Romania,0.6622022714287076,0.3956215154120757,199
checkpoints/llama3.1-8b-hard-panel,Ecuador,0.6592265793326262,0.38564788915146725,199
checkpoints/llama3.1-8b-hard-panel,Uruguay,0.6586791935584558,0.3929910457044915,199
checkpoints/llama3.1-8b-hard-panel,Ivory Coast,0.6561371564300339,0.39089732330359905,2
checkpoints/llama3.1-8b-hard-panel,Czechia,0.6558805692154746,0.3971086430392204,199
checkpoints/llama3.1-8b-hard-panel,Cyprus,0.6554009019275133,0.40386783056525805,199
checkpoints/llama3.1-8b-hard-panel,Colombia,0.6540908735247718,0.38473556289432875,280
checkpoints/llama3.1-8b-hard-panel,Iraq,0.653767183407896,0.3897993602452692,189
checkpoints/llama3.1-8b-hard-panel,Armenia,0.6525860837438514,0.39913046554260573,199
checkpoints/llama3.1-8b-hard-panel,Morocco,0.6519501220966603,0.3898218867409773,273
checkpoints/llama3.1-8b-hard-panel,Guatemala,0.6515860254136817,0.37803193303453314,201
checkpoints/llama3.1-8b-hard-panel,Sweden,0.6515388206210243,0.40469962093984413,411
checkpoints/llama3.1-8b-hard-panel,North Macedonia,0.6513020400713055,0.4106042032302781,115
checkpoints/llama3.1-8b-hard-panel,Nicaragua,0.6506996610483393,0.38447408860118637,250
checkpoints/llama3.1-8b-hard-panel,New Zealand,0.6501004310664565,0.40322091915970737,248
checkpoints/llama3.1-8b-hard-panel,Belarus,0.6481217763374065,0.41686606795023406,115
checkpoints/llama3.1-8b-hard-panel,Vietnam,0.6474558527911078,0.39737141437690776,317
checkpoints/llama3.1-8b-hard-panel,Montenegro,0.6466303528638874,0.41122677259442286,115
checkpoints/llama3.1-8b-hard-panel,China,0.6461658130775632,0.4116118895228167,289
checkpoints/llama3.1-8b-hard-panel,Mongolia,0.6454773561217585,0.3921757312143315,199
checkpoints/llama3.1-8b-hard-panel,Latvia,0.6422057308214708,0.41869379952338154,116
checkpoints/llama3.1-8b-hard-panel,Zimbabwe,0.642085386926332,0.4095841371620167,199
checkpoints/llama3.1-8b-hard-panel,Andorra,0.6417023821496285,0.42107096099541536,198
checkpoints/llama3.1-8b-hard-panel,Iran,0.6416587700350334,0.41063260747162134,194
checkpoints/llama3.1-8b-hard-panel,Libya,0.6415118190878804,0.42215910571367665,199
checkpoints/llama3.1-8b-hard-panel,Ethiopia,0.6409964172810573,0.41759531377015324,232
checkpoints/llama3.1-8b-hard-panel,Bangladesh,0.6395639369324009,0.40891452789265303,255
checkpoints/llama3.1-8b-hard-panel,Pakistan (Non-national sample),0.6390456560242291,0.4463326631338149,24
checkpoints/llama3.1-8b-hard-panel,Estonia,0.6382491151743195,0.42230861183341023,115
checkpoints/llama3.1-8b-hard-panel,Great Britain,0.637178381132,0.41987791681636216,199
checkpoints/llama3.1-8b-hard-panel,Kyrgyzstan,0.636536732472752,0.42699942238737315,195
checkpoints/llama3.1-8b-hard-panel,Croatia,0.6356498858461614,0.43076065241989203,115
checkpoints/llama3.1-8b-hard-panel,Austria,0.6352149430669217,0.4293531269839404,115
checkpoints/llama3.1-8b-hard-panel,Singapore,0.6350092679593017,0.4172626584365351,245
checkpoints/llama3.1-8b-hard-panel,Northern Ireland,0.63479635164147,0.41716806980854676,198
checkpoints/llama3.1-8b-hard-panel,Belgium,0.6329124417649056,0.4233682947365415,103
checkpoints/llama3.1-8b-hard-panel,Slovenia,0.6321762393502829,0.43212309721122244,115
checkpoints/llama3.1-8b-hard-panel,Bosnia Herzegovina,0.6308121782283516,0.4363162267085402,115
checkpoints/llama3.1-8b-hard-panel,Puerto Rico,0.6307865551068492,0.41242120462772786,199
checkpoints/llama3.1-8b-hard-panel,Hong Kong SAR,0.6303918252220212,0.42291045340914396,199
checkpoints/llama3.1-8b-hard-panel,Maldives,0.6280275853095424,0.4283535256485385,199
checkpoints/llama3.1-8b-hard-panel,Georgia,0.6258404796906132,0.4358892857149642,115
checkpoints/llama3.1-8b-hard-panel,Portugal,0.6258182376482678,0.43861306922496324,115
checkpoints/llama3.1-8b-hard-panel,Finland,0.6229730731224805,0.438693671067939,115
checkpoints/llama3.1-8b-hard-panel,Tajikistan,0.6209025221085084,0.416045923992623,190
checkpoints/llama3.1-8b-hard-panel,Macau SAR,0.617780872330331,0.43247079993243503,198
checkpoints/llama3.1-8b-hard-panel,Switzerland,0.6160869039260454,0.4476191087972202,115
checkpoints/llama3.1-8b-hard-panel,Taiwan ROC,0.6133813158799789,0.43888013180404695,199
checkpoints/llama3.1-8b-hard-panel,Myanmar,0.604136450584162,0.44819727422608063,196
checkpoints/llama3.1-8b-hard-panel,Azerbaijan,0.6020365226731661,0.45365833505350167,115
checkpoints/llama3.1-8b-hard-panel,Norway,0.6017834611969927,0.4637838053605457,115
checkpoints/llama3.1-8b-hard-panel,Iceland,0.5932930842795009,0.4780957739958491,114
checkpoints/llama3.1-8b-hard-panel,South Korea,0.5898626444015709,0.4602888078778032,199
checkpoints/llama3.1-8b-hard-panel,Denmark,0.5879151031812293,0.4769987384674558,175
checkpoints/llama3.1-8b-hard-panel,Jordan (Non-national sample),0.4679088720109652,0.6037596886626289,1
checkpoints/llama3.1-8b-hard-panel,Philippines (Non-national sample),0.4308634245273101,0.6148015204266742,1
checkpoints/llama3.1-8b-hard-panel,Colombia (Non-national sample),0.42858449633721163,0.6332636440832966,1
checkpoints/llama3.1-8b-hard-panel,Tanzania (Non-national sample),0.42850983893306205,0.6282385184551558,1
checkpoints/llama3.1-8b-us-rep,India (Old national sample),0.7694963683368734,0.2666703096389736,83
checkpoints/llama3.1-8b-us-rep,Venezuela (Non-national sample),0.7689934286859369,0.26603288523086793,125
checkpoints/llama3.1-8b-us-rep,Bolivia (Non-national sample),0.7673876373165496,0.2700293954575694,125
checkpoints/llama3.1-8b-us-rep,Angola (Non-national sample),0.7656792066298808,0.2760789902452459,86
checkpoints/llama3.1-8b-us-rep,Czech Rep.,0.7627456168929183,0.272493699572684,239
checkpoints/llama3.1-8b-us-rep,Poland (Non-national sample),0.7543635409296603,0.30253508616389874,8
checkpoints/llama3.1-8b-us-rep,Guatemala (Non-national sample),0.7531861320890217,0.2866933362056121,87
checkpoints/llama3.1-8b-us-rep,Ghana,0.7527224209160523,0.2912739349547307,243
checkpoints/llama3.1-8b-us-rep,S. Africa,0.7510796929960883,0.28977935725257387,330
checkpoints/llama3.1-8b-us-rep,Britain,0.7504062390115609,0.28938426230371184,647
checkpoints/llama3.1-8b-us-rep,Israel,0.7487465692835069,0.289052178842859,344
checkpoints/llama3.1-8b-us-rep,Nigeria (Non-national sample),0.7444707661206711,0.3040064238809075,219
checkpoints/llama3.1-8b-us-rep,Egypt (Non-national sample),0.7433000696415701,0.30556970540269673,55
checkpoints/llama3.1-8b-us-rep,Honduras (Non-national sample),0.7426389365770806,0.3025355794900399,87
checkpoints/llama3.1-8b-us-rep,Poland,0.7424941765229864,0.29961180643709356,578
checkpoints/llama3.1-8b-us-rep,Brazil (Non-national sample),0.7389588130176344,0.2979694680456295,185
checkpoints/llama3.1-8b-us-rep,Ivory Coast (Non-national sample),0.7372337743427505,0.3066936600173325,119
checkpoints/llama3.1-8b-us-rep,Burkina Faso,0.7366724481054886,0.3119020371941572,48
checkpoints/llama3.1-8b-us-rep,Senegal,0.7360886568497533,0.30859339463159124,155
checkpoints/llama3.1-8b-us-rep,Tanzania,0.7340795298775488,0.3128668566407888,245
checkpoints/llama3.1-8b-us-rep,S. Africa (Non-national sample),0.7340099775329417,0.29894016717334104,73
checkpoints/llama3.1-8b-us-rep,Uganda,0.7332150544771757,0.31036270873259797,215
checkpoints/llama3.1-8b-us-rep,India (Non-national sample),0.7330288288494862,0.3124693015452868,252
checkpoints/llama3.1-8b-us-rep,Senegal (Non-national sample),0.7320230423020788,0.31294810441249493,119
checkpoints/llama3.1-8b-us-rep,El Salvador,0.7315885092256427,0.2932176411362925,92
checkpoints/llama3.1-8b-us-rep,Russia,0.7313432632862333,0.3143731701990674,712
checkpoints/llama3.1-8b-us-rep,India (Current national sample),0.7312600819649598,0.31372217690339793,229
checkpoints/llama3.1-8b-us-rep,Ethiopia (Non-national sample),0.7288285588449082,0.30486067102955733,75
checkpoints/llama3.1-8b-us-rep,UK,0.7257230700684002,0.3168526743671014,846
checkpoints/llama3.1-8b-us-rep,Uzbekistan,0.725012421285246,0.3202391776803133,89
checkpoints/llama3.1-8b-us-rep,Taiwan,0.7250002626420042,0.31106583282917477,49
checkpoints/llama3.1-8b-us-rep,Kenya,0.7239939487298873,0.3146966972219835,569
checkpoints/llama3.1-8b-us-rep,Mali,0.7231117001470234,0.3178506975347599,75
checkpoints/llama3.1-8b-us-rep,Mexico,0.7218001978049211,0.31693873587756133,598
checkpoints/llama3.1-8b-us-rep,Kuwait,0.7216297292255853,0.3215915265631326,95
checkpoints/llama3.1-8b-us-rep,Mali (Non-national sample),0.7214264838104487,0.32417537038317157,87
checkpoints/llama3.1-8b-us-rep,China (Non-national sample),0.7208982539473939,0.3323757569970133,226
checkpoints/llama3.1-8b-us-rep,USA,0.7200340506071553,0.3190837628908456,846
checkpoints/llama3.1-8b-us-rep,United States,0.7200340506071553,0.3190837628908456,846
checkpoints/llama3.1-8b-us-rep,Indonesia (Non-national sample),0.7183466399289147,0.3371981622273479,105
checkpoints/llama3.1-8b-us-rep,Italy,0.7178880063920108,0.32659578382252696,609
checkpoints/llama3.1-8b-us-rep,France,0.7143468921387285,0.3267717241723505,758
checkpoints/llama3.1-8b-us-rep,Chile,0.7123949342463595,0.3242327664605552,403
checkpoints/llama3.1-8b-us-rep,Spain,0.7117924370502844,0.3297740317444103,670
checkpoints/llama3.1-8b-us-rep,Germany,0.7116135195454538,0.33476542434932216,844
checkpoints/llama3.1-8b-us-rep,Ukraine,0.7108111832674577,0.3329204130799158,475
checkpoints/llama3.1-8b-us-rep,Slovakia,0.710707055731511,0.3304652173767728,386
checkpoints/llama3.1-8b-us-rep,Palest. ter.,0.7106333387845876,0.3371849481968902,234
checkpoints/llama3.1-8b-us-rep,Bangladesh (Non-national sample),0.7103051346295147,0.3428354079659337,124
checkpoints/llama3.1-8b-us-rep,Hungary,0.7102952306284943,0.33323053315058987,302
checkpoints/llama3.1-8b-us-rep,Honduras,0.7085072016453681,0.30832598385811183,2
checkpoints/llama3.1-8b-us-rep,Brazil,0.7079556522776896,0.3379773904399261,493
checkpoints/llama3.1-8b-us-rep,S. Korea,0.7075739824893323,0.33883436479615187,467
checkpoints/llama3.1-8b-us-rep,Bulgaria,0.7042234538613248,0.3426848422435345,302
checkpoints/llama3.1-8b-us-rep,Lithuania,0.7035289466427008,0.34129685049785385,237
checkpoints/llama3.1-8b-us-rep,Argentina,0.7033439220557426,0.3441656368839788,571
checkpoints/llama3.1-8b-us-rep,Peru,0.7014031304280236,0.34229872097205366,417
checkpoints/llama3.1-8b-us-rep,Canada,0.7002107149970557,0.339505389470732,663
checkpoints/llama3.1-8b-us-rep,Japan,0.7002009565665148,0.3459774710750232,708
checkpoints/llama3.1-8b-us-rep,Nigeria,0.7000680456074998,0.3408636124723679,469
checkpoints/llama3.1-8b-us-rep,Turkey,0.698694566865943,0.3557208239681533,662
checkpoints/llama3.1-8b-us-rep,Philippines,0.6976390331395128,0.3359584630647467,495
checkpoints/llama3.1-8b-us-rep,Indonesia,0.6947037592644609,0.35425284864603157,594
checkpoints/llama3.1-8b-us-rep,Lebanon,0.6898764844800332,0.3552798047788102,598
checkpoints/llama3.1-8b-us-rep,Australia,0.6874179048823339,0.35436230937316865,538
checkpoints/llama3.1-8b-us-rep,Jordan,0.6832196288102089,0.37219427820549744,597
checkpoints/llama3.1-8b-us-rep,Thailand,0.6828317365618397,0.35117342977475646,252
checkpoints/llama3.1-8b-us-rep,Malaysia,0.6815982600540096,0.34985081711575106,376
checkpoints/llama3.1-8b-us-rep,Tunisia,0.6815395794679375,0.37326350070186476,421
checkpoints/llama3.1-8b-us-rep,Albania,0.6792118155314159,0.3644521883414373,115
checkpoints/llama3.1-8b-us-rep,Netherlands,0.6768620661158369,0.3709184310835758,468
checkpoints/llama3.1-8b-us-rep,Russia (Non-national sample),0.674925350698868,0.3992831747430811,22
checkpoints/llama3.1-8b-us-rep,Greece,0.6746383733854489,0.37438771264447973,467
checkpoints/llama3.1-8b-us-rep,Pakistan,0.6725286947411255,0.3870944256984905,563
checkpoints/llama3.1-8b-us-rep,Bolivia,0.6712199804396648,0.3726435002512814,253
checkpoints/llama3.1-8b-us-rep,Venezuela,0.6706531664232527,0.36342424995318057,345
checkpoints/llama3.1-8b-us-rep,Angola,0.6673456811180769,0.3675832508494573,2
checkpoints/llama3.1-8b-us-rep,Ivory Coast,0.6670072869246626,0.3811262329961269,2
checkpoints/llama3.1-8b-us-rep,Serbia,0.6659109916188385,0.3882789889666125,199
checkpoints/llama3.1-8b-us-rep,Egypt,0.665590306429383,0.39241316269167364,421
checkpoints/llama3.1-8b-us-rep,Kazakhstan,0.6647075583879082,0.3809229032013844,196
checkpoints/llama3.1-8b-us-rep,Czechia,0.6645676987650015,0.37746218441861373,199
checkpoints/llama3.1-8b-us-rep,New Zealand,0.6629007579450691,0.38643196852263034,248
checkpoints/llama3.1-8b-us-rep,Pakistan (Non-national sample),0.6616563428939414,0.4154282262004605,24
checkpoints/llama3.1-8b-us-rep,Sweden,0.6600771238565817,0.3906983916170657,411
checkpoints/llama3.1-8b-us-rep,Cyprus,0.6591808980715715,0.39225623877600174,199
checkpoints/llama3.1-8b-us-rep,Belarus,0.6583595396365866,0.3937331070478424,115
checkpoints/llama3.1-8b-us-rep,Romania,0.6578460690407835,0.39362408058462606,199
checkpoints/llama3.1-8b-us-rep,North Macedonia,0.6542708327228338,0.397197840597935,115
checkpoints/llama3.1-8b-us-rep,Vietnam,0.6526119854471008,0.3896505912124265,317
checkpoints/llama3.1-8b-us-rep,Uruguay,0.6525715554144467,0.39470021044032016,199
checkpoints/llama3.1-8b-us-rep,Morocco (Non-national sample),0.6521304242268365,0.4142851011246303,77
checkpoints/llama3.1-8b-us-rep,Latvia,0.6516867990493942,0.3986867369840794,116
checkpoints/llama3.1-8b-us-rep,Estonia,0.6508949078464162,0.3989338682633109,115
checkpoints/llama3.1-8b-us-rep,Montenegro,0.6507606802012542,0.39586042419658496,115
checkpoints/llama3.1-8b-us-rep,China,0.6501791825736994,0.4031211935784646,289
checkpoints/llama3.1-8b-us-rep,Austria,0.6499593390681132,0.40322176601994425,115
checkpoints/llama3.1-8b-us-rep,Colombia,0.6495363017685213,0.3891515991135169,280
checkpoints/llama3.1-8b-us-rep,Ecuador,0.6490054679150449,0.39177713287829413,199
checkpoints/llama3.1-8b-us-rep,Vietnam (Non-national sample),0.6486518156725126,0.4083778540663054,68
checkpoints/llama3.1-8b-us-rep,Armenia,0.6479325489428208,0.3974890408801644,199
checkpoints/llama3.1-8b-us-rep,Morocco,0.6457076066685982,0.3896365151402505,273
checkpoints/llama3.1-8b-us-rep,Great Britain,0.6454717619969178,0.4061595216284736,199
checkpoints/llama3.1-8b-us-rep,Guatemala,0.6450772788771525,0.3791997753565099,201
checkpoints/llama3.1-8b-us-rep,Mongolia,0.6446213537304611,0.3816034494209705,199
checkpoints/llama3.1-8b-us-rep,Slovenia,0.6435636153310362,0.4058618989361821,115
checkpoints/llama3.1-8b-us-rep,Croatia,0.641278772801665,0.41794668130562834,115
checkpoints/llama3.1-8b-us-rep,Northern Ireland,0.6405423551036783,0.40582435709141773,198
checkpoints/llama3.1-8b-us-rep,Nicaragua,0.6400011585939213,0.39398121579223405,250
checkpoints/llama3.1-8b-us-rep,Singapore,0.6399484331417142,0.4059508520100271,245
checkpoints/llama3.1-8b-us-rep,Bangladesh,0.6399025992243417,0.4025372523271272,255
checkpoints/llama3.1-8b-us-rep,Finland,0.639594716238978,0.4123701286113923,115
checkpoints/llama3.1-8b-us-rep,Portugal,0.6384057497228361,0.4132347950768938,115
checkpoints/llama3.1-8b-us-rep,Belgium,0.6381235967878512,0.40508935682163844,103
checkpoints/llama3.1-8b-us-rep,Iraq,0.6370363651007259,0.40793661204159215,189
checkpoints/llama3.1-8b-us-rep,Andorra,0.6360703599189854,0.4240019718805312,198
checkpoints/llama3.1-8b-us-rep,Hong Kong SAR,0.6357474879786045,0.41070166510862594,199
checkpoints/llama3.1-8b-us-rep,Switzerland,0.6345208992405734,0.4143514058653084,115
checkpoints/llama3.1-8b-us-rep,Iran,0.6328598725083688,0.41567765353499236,194
checkpoints/llama3.1-8b-us-rep,Bosnia Herzegovina,0.6312095399728964,0.42357937976930465,115
checkpoints/llama3.1-8b-us-rep,Ethiopia,0.6309937870111029,0.4265276233144324,232
checkpoints/llama3.1-8b-us-rep,Zimbabwe,0.6280047695927328,0.4195810752428173,199
checkpoints/llama3.1-8b-us-rep,Georgia,0.6262211457944663,0.42887409997860115,115
checkpoints/llama3.1-8b-us-rep,Macau SAR,0.6258783336762695,0.4186605012165466,198
checkpoints/llama3.1-8b-us-rep,Libya,0.6255454436227086,0.4374142709225328,199
checkpoints/llama3.1-8b-us-rep,Puerto Rico,0.6240845469329841,0.4184347826722117,199
checkpoints/llama3.1-8b-us-rep,Kyrgyzstan,0.6228795089398158,0.44097333848432085,195
checkpoints/llama3.1-8b-us-rep,Maldives,0.6202801755687942,0.4316531869055553,199
checkpoints/llama3.1-8b-us-rep,Taiwan ROC,0.6161374464473638,0.4292619593028767,199
checkpoints/llama3.1-8b-us-rep,Norway,0.615919489972893,0.4413355683695991,115
checkpoints/llama3.1-8b-us-rep,Tajikistan,0.611633486400499,0.4285816183228594,190
checkpoints/llama3.1-8b-us-rep,Iceland,0.6110178130803854,0.4498159842980463,114
checkpoints/llama3.1-8b-us-rep,Azerbaijan,0.6107549772359346,0.4356719391624169,115
checkpoints/llama3.1-8b-us-rep,Myanmar,0.5997675709716641,0.4500351373190833,196
checkpoints/llama3.1-8b-us-rep,South Korea,0.5980359502352462,0.44270206270360635,199
checkpoints/llama3.1-8b-us-rep,Denmark,0.5969307813411817,0.4628025761544162,175
checkpoints/llama3.1-8b-us-rep,Jordan (Non-national sample),0.4419879798504557,0.6497807344491253,1
checkpoints/llama3.1-8b-us-rep,Colombia (Non-national sample),0.3963924219926279,0.7271228907753107,1
checkpoints/llama3.1-8b-us-rep,Philippines (Non-national sample),0.3945029650855981,0.728372922026092,1
checkpoints/llama3.1-8b-us-rep,Tanzania (Non-national sample),0.3942491412443615,0.7170726395190293,1
checkpoints/llama3.1-8b-uk-rep,Egypt (Non-national sample),0.7708190202001043,0.26782917282418034,55
checkpoints/llama3.1-8b-uk-rep,Angola (Non-national sample),0.7686625040351774,0.2717441095385991,86
checkpoints/llama3.1-8b-uk-rep,Venezuela (Non-national sample),0.7646922214328186,0.2757773323368118,125
checkpoints/llama3.1-8b-uk-rep,India (Old national sample),0.7633326897021283,0.27509858624578776,83
checkpoints/llama3.1-8b-uk-rep,Ghana,0.758547808898685,0.2796794360795885,243
checkpoints/llama3.1-8b-uk-rep,Nigeria (Non-national sample),0.7578876891666728,0.28560912530968247,219
checkpoints/llama3.1-8b-uk-rep,Guatemala (Non-national sample),0.7560034400918302,0.28106749688108146,87
checkpoints/llama3.1-8b-uk-rep,India (Non-national sample),0.7514931760339434,0.2895245767033955,252
checkpoints/llama3.1-8b-uk-rep,Britain,0.7513831657083213,0.2895414214955773,647
checkpoints/llama3.1-8b-uk-rep,Tanzania,0.7501014165149094,0.2870268135408723,245
checkpoints/llama3.1-8b-uk-rep,Bolivia (Non-national sample),0.7497827716409767,0.29227660689966,125
checkpoints/llama3.1-8b-uk-rep,Uganda,0.7487731433748391,0.2865603740036168,215
checkpoints/llama3.1-8b-uk-rep,S. Africa,0.7485176345701453,0.291004731270749,330
checkpoints/llama3.1-8b-uk-rep,Czech Rep.,0.7480955666197137,0.2921734528253793,239
checkpoints/llama3.1-8b-uk-rep,Ivory Coast (Non-national sample),0.7474929940373388,0.29113880590050745,119
checkpoints/llama3.1-8b-uk-rep,Honduras (Non-national sample),0.7462373478637445,0.29636239405330267,87
checkpoints/llama3.1-8b-uk-rep,Burkina Faso,0.7459593517062232,0.2980902305219018,48
checkpoints/llama3.1-8b-uk-rep,Senegal (Non-national sample),0.7432860891514106,0.2974070116986009,119
checkpoints/llama3.1-8b-uk-rep,Uzbekistan,0.7423320679536923,0.2965936967699148,89
checkpoints/llama3.1-8b-uk-rep,Israel,0.7407792775508152,0.30074059191730956,344
checkpoints/llama3.1-8b-uk-rep,Mali (Non-national sample),0.7377270550327061,0.29933213625572097,87
checkpoints/llama3.1-8b-uk-rep,Bangladesh (Non-national sample),0.7332488431748717,0.3150047313949765,124
checkpoints/llama3.1-8b-uk-rep,India (Current national sample),0.7323714230500561,0.3095353960468126,229
checkpoints/llama3.1-8b-uk-rep,Senegal,0.7291109280743526,0.30983144633186316,155
checkpoints/llama3.1-8b-uk-rep,Poland,0.7280994824344107,0.31942476417764687,578
checkpoints/llama3.1-8b-uk-rep,China (Non-national sample),0.727818670220542,0.32285743856430865,226
checkpoints/llama3.1-8b-uk-rep,Kuwait,0.7271409158388727,0.3189915210487386,95
checkpoints/llama3.1-8b-uk-rep,Mali,0.7256875380665887,0.31507284547379594,75
checkpoints/llama3.1-8b-uk-rep,S. Africa (Non-national sample),0.7201758455322864,0.32204095828624546,73
checkpoints/llama3.1-8b-uk-rep,Brazil (Non-national sample),0.7196580143007831,0.3233433083291437,185
checkpoints/llama3.1-8b-uk-rep,Kenya,0.7192569754245715,0.32087723761588993,569
checkpoints/llama3.1-8b-uk-rep,El Salvador,0.7170024864394842,0.31422849547029813,92
checkpoints/llama3.1-8b-uk-rep,UK,0.7167715263830436,0.33041510054535916,846
checkpoints/llama3.1-8b-uk-rep,Russia,0.7166488777525425,0.33432829351507426,712
checkpoints/llama3.1-8b-uk-rep,Ethiopia (Non-national sample),0.714934525110553,0.3203366458889353,75
checkpoints/llama3.1-8b-uk-rep,USA,0.7119446842057947,0.3335944551871005,846
checkpoints/llama3.1-8b-uk-rep,United States,0.7119446842057947,0.3335944551871005,846
checkpoints/llama3.1-8b-uk-rep,Indonesia (Non-national sample),0.7105905159298157,0.34143236132325805,105
checkpoints/llama3.1-8b-uk-rep,Italy,0.7081890731440227,0.34207195735814344,609
checkpoints/llama3.1-8b-uk-rep,France,0.7071962328005607,0.3394022091710426,758
checkpoints/llama3.1-8b-uk-rep,Mexico,0.7058314181781994,0.3396136397988182,598
checkpoints/llama3.1-8b-uk-rep,Poland (Non-national sample),0.7057564723597265,0.3734700939061824,8
checkpoints/llama3.1-8b-uk-rep,S. Korea,0.7044446246818946,0.3426629732738704,467
checkpoints/llama3.1-8b-uk-rep,Honduras,0.7019315403243553,0.3223937720471385,2
checkpoints/llama3.1-8b-uk-rep,Germany,0.7019026873173442,0.3488865652602301,844
checkpoints/llama3.1-8b-uk-rep,Spain,0.7013564910152393,0.3479150449982013,670
checkpoints/llama3.1-8b-uk-rep,Palest. ter.,0.6983779003675218,0.3541769398148212,234
checkpoints/llama3.1-8b-uk-rep,Taiwan,0.6981123935751777,0.3559660151034024,49
checkpoints/llama3.1-8b-uk-rep,Ukraine,0.6936115277837627,0.3584646458287017,475
checkpoints/llama3.1-8b-uk-rep,Brazil,0.6880157726760069,0.3655452936094176,493
checkpoints/llama3.1-8b-uk-rep,Nigeria,0.6875592567274829,0.35897747235723243,469
checkpoints/llama3.1-8b-uk-rep,Philippines,0.6866922887626148,0.35293893036620927,495
checkpoints/llama3.1-8b-uk-rep,Canada,0.6865558107467056,0.360384428494366,663
checkpoints/llama3.1-8b-uk-rep,Turkey,0.6857722586166337,0.3728077163558886,662
checkpoints/llama3.1-8b-uk-rep,Chile,0.6843434162898044,0.3645695367133615,403
checkpoints/llama3.1-8b-uk-rep,Vietnam (Non-national sample),0.6842225961559311,0.36170363627587676,68
checkpoints/llama3.1-8b-uk-rep,Japan,0.6828144786789908,0.37146474678261665,708
checkpoints/llama3.1-8b-uk-rep,Slovakia,0.6824109820680239,0.37055660302731586,386
checkpoints/llama3.1-8b-uk-rep,Bulgaria,0.6821366576284307,0.37480286495035803,302
checkpoints/llama3.1-8b-uk-rep,Indonesia,0.6817925757487588,0.37057761345701323,594
checkpoints/llama3.1-8b-uk-rep,Hungary,0.6803118466034891,0.37736099941169104,302
checkpoints/llama3.1-8b-uk-rep,Peru,0.6797299801305621,0.3731133626525164,417
checkpoints/llama3.1-8b-uk-rep,Lebanon,0.6780871501944808,0.37352719873375756,598
checkpoints/llama3.1-8b-uk-rep,Argentina,0.6765213790240874,0.38011540520356696,571
checkpoints/llama3.1-8b-uk-rep,Australia,0.6746018014189072,0.3743670382244225,538
checkpoints/llama3.1-8b-uk-rep,Jordan,0.6744241046930277,0.38359123660690886,597
checkpoints/llama3.1-8b-uk-rep,Pakistan,0.6742060204965346,0.3853791864082065,563
checkpoints/llama3.1-8b-uk-rep,Lithuania,0.6715516975545819,0.38419242238611273,237
checkpoints/llama3.1-8b-uk-rep,Russia (Non-national sample),0.6634415621915387,0.4229545860669284,22
checkpoints/llama3.1-8b-uk-rep,Tunisia,0.6632417615199355,0.3952484416035222,421
checkpoints/llama3.1-8b-uk-rep,Malaysia,0.6629988425161154,0.3762073477395637,376
checkpoints/llama3.1-8b-uk-rep,Ivory Coast,0.6586372925295814,0.39826819104231936,2
checkpoints/llama3.1-8b-uk-rep,Morocco (Non-national sample),0.6573883013343862,0.40439199452106117,77
checkpoints/llama3.1-8b-uk-rep,Thailand,0.656528921478795,0.3916961790228454,252
checkpoints/llama3.1-8b-uk-rep,Netherlands,0.6547030646848018,0.40205020386171103,468
checkpoints/llama3.1-8b-uk-rep,Egypt,0.6526478759541036,0.40836263969404923,421
checkpoints/llama3.1-8b-uk-rep,Angola,0.6510304206037192,0.3780546928982038,2
checkpoints/llama3.1-8b-uk-rep,Greece,0.649531828199504,0.409727371859923,467
checkpoints/llama3.1-8b-uk-rep,Venezuela,0.6425820656071676,0.4066968772112315,345
checkpoints/llama3.1-8b-uk-rep,Kazakhstan,0.6425414799086414,0.41576000322151907,196
checkpoints/llama3.1-8b-uk-rep,Bolivia,0.6419713563728059,0.4146882751441815,253
checkpoints/llama3.1-8b-uk-rep,Sweden,0.6414105481476472,0.41633410811550053,411
checkpoints/llama3.1-8b-uk-rep,Albania,0.6412619236240034,0.4273954094585421,115
checkpoints/llama3.1-8b-uk-rep,Vietnam,0.6362045993033091,0.4125899157331328,317
checkpoints/llama3.1-8b-uk-rep,Serbia,0.6355711569215803,0.4299803104291988,199
checkpoints/llama3.1-8b-uk-rep,China,0.6304330376844381,0.43130826621485413,289
checkpoints/llama3.1-8b-uk-rep,Colombia,0.6293151724226677,0.41732053553422715,280
checkpoints/llama3.1-8b-uk-rep,Pakistan (Non-national sample),0.6280930723830694,0.4639876614769791,24
checkpoints/llama3.1-8b-uk-rep,Morocco,0.6266595286811015,0.4238209927003534,273
checkpoints/llama3.1-8b-uk-rep,Romania,0.6264788168950624,0.44337685720344394,199
checkpoints/llama3.1-8b-uk-rep,Ecuador,0.6247361595319024,0.43313475409599017,199
checkpoints/llama3.1-8b-uk-rep,Uruguay,0.6243964881003481,0.4379983118664994,199
checkpoints/llama3.1-8b-uk-rep,Czechia,0.6241453448516012,0.4363264182264859,199
checkpoints/llama3.1-8b-uk-rep,New Zealand,0.6236315363851285,0.438874861017873,248
checkpoints/llama3.1-8b-uk-rep,Belarus,0.6234534314643877,0.44352002556735154,115
checkpoints/llama3.1-8b-uk-rep,Belgium,0.6232729687988837,0.4383483425146913,103
checkpoints/llama3.1-8b-uk-rep,Montenegro,0.6217462677719283,0.4432234283970644,115
checkpoints/llama3.1-8b-uk-rep,Cyprus,0.6214456598157652,0.44733537618962965,199
checkpoints/llama3.1-8b-uk-rep,Nicaragua,0.6212480737325248,0.42590458068363557,250
checkpoints/llama3.1-8b-uk-rep,North Macedonia,0.6209573879617367,0.4490722381609303,115
checkpoints/llama3.1-8b-uk-rep,Guatemala,0.6203362415982803,0.4181230120065612,201
checkpoints/llama3.1-8b-uk-rep,Iraq,0.6200515321334729,0.43672327636691544,189
checkpoints/llama3.1-8b-uk-rep,Armenia,0.6196237765429149,0.4400980145866928,199
checkpoints/llama3.1-8b-uk-rep,Latvia,0.6171685893562879,0.44945370033500565,116
checkpoints/llama3.1-8b-uk-rep,Mongolia,0.6170667484189901,0.428170962950109,199
checkpoints/llama3.1-8b-uk-rep,Bangladesh,0.6159264523277151,0.4404690391345535,255
checkpoints/llama3.1-8b-uk-rep,Estonia,0.611672519365191,0.454614385132765,115
checkpoints/llama3.1-8b-uk-rep,Ethiopia,0.611280976178996,0.45552247590434264,232
checkpoints/llama3.1-8b-uk-rep,Libya,0.6098658666888633,0.45971850918066,199
checkpoints/llama3.1-8b-uk-rep,Croatia,0.6082495470717475,0.4685794913270012,115
checkpoints/llama3.1-8b-uk-rep,Zimbabwe,0.6082113935690016,0.4572084882908565,199
checkpoints/llama3.1-8b-uk-rep,Iran,0.6080984514610929,0.45563015988000877,194
checkpoints/llama3.1-8b-uk-rep,Andorra,0.6072856842135091,0.46645291205274936,198
checkpoints/llama3.1-8b-uk-rep,Austria,0.606327923170498,0.46447517037819425,115
checkpoints/llama3.1-8b-uk-rep,Singapore,0.6058768648968211,0.4541700660951509,245
checkpoints/llama3.1-8b-uk-rep,Great Britain,0.6042402166169399,0.46330590630017765,199
checkpoints/llama3.1-8b-uk-rep,Kyrgyzstan,0.603589785615646,0.46967017170646563,195
checkpoints/llama3.1-8b-uk-rep,Northern Ireland,0.6020737776191659,0.46150179683229037,198
checkpoints/llama3.1-8b-uk-rep,Hong Kong SAR,0.6013143834551922,0.46186943918835416,199
checkpoints/llama3.1-8b-uk-rep,Slovenia,0.6006143732499524,0.4733942992486555,115
checkpoints/llama3.1-8b-uk-rep,Portugal,0.5983782741384647,0.4726307643760782,115
checkpoints/llama3.1-8b-uk-rep,Bosnia Herzegovina,0.5982112138295239,0.4768263929436171,115
checkpoints/llama3.1-8b-uk-rep,Puerto Rico,0.5972027114997088,0.4587286543801468,199
checkpoints/llama3.1-8b-uk-rep,Finland,0.5959462276806156,0.4749580924980569,115
checkpoints/llama3.1-8b-uk-rep,Maldives,0.5955930856158538,0.47185035145698145,199
checkpoints/llama3.1-8b-uk-rep,Georgia,0.5929749528435121,0.4797637886589184,115
checkpoints/llama3.1-8b-uk-rep,Tajikistan,0.590329015664312,0.4591481951051161,190
checkpoints/llama3.1-8b-uk-rep,Macau SAR,0.5894865974068741,0.4709188043623523,198
checkpoints/llama3.1-8b-uk-rep,Switzerland,0.5874085553845093,0.48522056393187774,115
checkpoints/llama3.1-8b-uk-rep,Taiwan ROC,0.5824787061095398,0.47725265206972795,199
checkpoints/llama3.1-8b-uk-rep,Norway,0.5763912509377073,0.49572997869538066,115
checkpoints/llama3.1-8b-uk-rep,Myanmar,0.5758620982188243,0.48539113235956516,196
checkpoints/llama3.1-8b-uk-rep,Azerbaijan,0.5699252162780523,0.49461385939663355,115
checkpoints/llama3.1-8b-uk-rep,Denmark,0.5674313832224402,0.504589963828553,175
checkpoints/llama3.1-8b-uk-rep,Iceland,0.5670891605255354,0.5109397467921728,114
checkpoints/llama3.1-8b-uk-rep,South Korea,0.5594214024075146,0.5014079454794421,199
checkpoints/llama3.1-8b-uk-rep,Jordan (Non-national sample),0.48065457973578807,0.5983341689100122,1
checkpoints/llama3.1-8b-uk-rep,Philippines (Non-national sample),0.450787910705832,0.606412588692289,1
checkpoints/llama3.1-8b-uk-rep,Colombia (Non-national sample),0.44777950328366156,0.6278381243306799,1
checkpoints/llama3.1-8b-uk-rep,Tanzania (Non-national sample),0.44656588699911914,0.6228129987025393,1
checkpoints/llama3.1-8b-uk-soft-panel,Angola (Non-national sample),0.7835943292190405,0.2540044089215509,86
checkpoints/llama3.1-8b-uk-soft-panel,Venezuela (Non-national sample),0.7788223685015796,0.2568814453876019,125
checkpoints/llama3.1-8b-uk-soft-panel,Egypt (Non-national sample),0.7758131437621341,0.2643797212342573,55
checkpoints/llama3.1-8b-uk-soft-panel,Bolivia (Non-national sample),0.7708428947853593,0.26508057228288123,125
checkpoints/llama3.1-8b-uk-soft-panel,Guatemala (Non-national sample),0.7682163478291161,0.26856121251401005,87
checkpoints/llama3.1-8b-uk-soft-panel,India (Old national sample),0.7676803080798997,0.2681369500533938,83
checkpoints/llama3.1-8b-uk-soft-panel,Nigeria (Non-national sample),0.7669642054314306,0.27270481775849614,219
checkpoints/llama3.1-8b-uk-soft-panel,Czech Rep.,0.7662999869535853,0.26874672930397314,239
checkpoints/llama3.1-8b-uk-soft-panel,Honduras (Non-national sample),0.7657574962712727,0.27268051056787734,87
checkpoints/llama3.1-8b-uk-soft-panel,Ivory Coast (Non-national sample),0.7642448184392581,0.27037521549865384,119
checkpoints/llama3.1-8b-uk-soft-panel,Ghana,0.7641104537098029,0.2719022090334595,243
checkpoints/llama3.1-8b-uk-soft-panel,Senegal (Non-national sample),0.7574648792897584,0.27988825949631335,119
checkpoints/llama3.1-8b-uk-soft-panel,Britain,0.7564684363336203,0.2835047446291635,647
checkpoints/llama3.1-8b-uk-soft-panel,Tanzania,0.7562071460785494,0.2765137644992793,245
checkpoints/llama3.1-8b-uk-soft-panel,S. Africa,0.7548876902715216,0.2849884093944517,330
checkpoints/llama3.1-8b-uk-soft-panel,Uzbekistan,0.7542254897514857,0.2821335531146806,89
checkpoints/llama3.1-8b-uk-soft-panel,India (Non-national sample),0.7534068677049091,0.28487527331720774,252
checkpoints/llama3.1-8b-uk-soft-panel,Mali (Non-national sample),0.7521482995700596,0.2835228239177879,87
checkpoints/llama3.1-8b-uk-soft-panel,Israel,0.7498616178339941,0.29124655150858453,344
checkpoints/llama3.1-8b-uk-soft-panel,Uganda,0.7478756440144883,0.2861613781307177,215
checkpoints/llama3.1-8b-uk-soft-panel,Burkina Faso,0.7474858967964934,0.2949241089017261,48
checkpoints/llama3.1-8b-uk-soft-panel,Bangladesh (Non-national sample),0.7441014047797131,0.2994980803672219,124
checkpoints/llama3.1-8b-uk-soft-panel,Mali,0.7426376508557136,0.2915850318410764,75
checkpoints/llama3.1-8b-uk-soft-panel,Poland,0.7387203432184184,0.30517409497488096,578
checkpoints/llama3.1-8b-uk-soft-panel,Brazil (Non-national sample),0.7386535730590358,0.29829873029549053,185
checkpoints/llama3.1-8b-uk-soft-panel,India (Current national sample),0.7384062717374671,0.3041399653514096,229
checkpoints/llama3.1-8b-uk-soft-panel,S. Africa (Non-national sample),0.7356377301958438,0.30247697303905213,73
checkpoints/llama3.1-8b-uk-soft-panel,Kuwait,0.7353282337894658,0.30596108170648884,95
checkpoints/llama3.1-8b-uk-soft-panel,Senegal,0.7329885899066728,0.30553300660836163,155
checkpoints/llama3.1-8b-uk-soft-panel,Kenya,0.7317598684414058,0.3034554649020947,569
checkpoints/llama3.1-8b-uk-soft-panel,China (Non-national sample),0.7297053105893267,0.3211048996858247,226
checkpoints/llama3.1-8b-uk-soft-panel,Ethiopia (Non-national sample),0.7296474341751962,0.3053667428513983,75
checkpoints/llama3.1-8b-uk-soft-panel,UK,0.7276594574372803,0.31623836950172834,846
checkpoints/llama3.1-8b-uk-soft-panel,Indonesia (Non-national sample),0.7268308275323702,0.32277172463392145,105
checkpoints/llama3.1-8b-uk-soft-panel,Russia,0.7258668090752587,0.3221996428589318,712
checkpoints/llama3.1-8b-uk-soft-panel,USA,0.7239321471544459,0.31643592066895393,846
checkpoints/llama3.1-8b-uk-soft-panel,United States,0.7239321471544459,0.31643592066895393,846
checkpoints/llama3.1-8b-uk-soft-panel,Italy,0.7170652066976492,0.33005068334491533,609
checkpoints/llama3.1-8b-uk-soft-panel,Mexico,0.7165281369578034,0.3240869152876782,598
checkpoints/llama3.1-8b-uk-soft-panel,France,0.7147662610689014,0.3290171260955897,758
checkpoints/llama3.1-8b-uk-soft-panel,El Salvador,0.7146697898790191,0.31702427862080673,92
checkpoints/llama3.1-8b-uk-soft-panel,Taiwan,0.7134636497721,0.3313329778817809,49
checkpoints/llama3.1-8b-uk-soft-panel,Germany,0.713239183213579,0.33378358925908275,844
checkpoints/llama3.1-8b-uk-soft-panel,Spain,0.7097311873049723,0.3354189458256709,670
checkpoints/llama3.1-8b-uk-soft-panel,S. Korea,0.7089723726102107,0.3377605314011085,467
checkpoints/llama3.1-8b-uk-soft-panel,Ukraine,0.7080422515934848,0.33788126660980056,475
checkpoints/llama3.1-8b-uk-soft-panel,Slovakia,0.7049626201536828,0.3406019649709039,386
checkpoints/llama3.1-8b-uk-soft-panel,Chile,0.7024748718717527,0.3378991378776449,403
checkpoints/llama3.1-8b-uk-soft-panel,Brazil,0.7021059597516562,0.34556352493634457,493
checkpoints/llama3.1-8b-uk-soft-panel,Philippines,0.7018521648876626,0.33123760599897256,495
checkpoints/llama3.1-8b-uk-soft-panel,Honduras,0.7016776273207805,0.31909035719142936,2
checkpoints/llama3.1-8b-uk-soft-panel,Canada,0.7010409743610144,0.3414319058574353,663
checkpoints/llama3.1-8b-uk-soft-panel,Nigeria,0.7002054297612404,0.34117458325071554,469
checkpoints/llama3.1-8b-uk-soft-panel,Bulgaria,0.6987221516655552,0.35363277037278573,302
checkpoints/llama3.1-8b-uk-soft-panel,Palest. ter.,0.698635499080282,0.35379324882225976,234
checkpoints/llama3.1-8b-uk-soft-panel,Hungary,0.6980579480606948,0.3528662518004882,302
checkpoints/llama3.1-8b-uk-soft-panel,Peru,0.6947475814555285,0.35261655912142564,417
checkpoints/llama3.1-8b-uk-soft-panel,Turkey,0.6936849089311439,0.3632433933620891,662
checkpoints/llama3.1-8b-uk-soft-panel,Japan,0.6936055524129935,0.3560213922124386,708
checkpoints/llama3.1-8b-uk-soft-panel,Vietnam (Non-national sample),0.6933024756496764,0.34859805382546905,68
checkpoints/llama3.1-8b-uk-soft-panel,Indonesia,0.6926878057837569,0.3565758943405022,594
checkpoints/llama3.1-8b-uk-soft-panel,Angola,0.6906148091759037,0.331034308361696,2
checkpoints/llama3.1-8b-uk-soft-panel,Argentina,0.6903733773023246,0.3624486904480971,571
checkpoints/llama3.1-8b-uk-soft-panel,Lithuania,0.6893614835740164,0.3619230702269769,237
checkpoints/llama3.1-8b-uk-soft-panel,Australia,0.6870336360939496,0.35818629394618523,538
checkpoints/llama3.1-8b-uk-soft-panel,Lebanon,0.68666727181904,0.3624859707584012,598
checkpoints/llama3.1-8b-uk-soft-panel,Thailand,0.679176047733043,0.3610468437158784,252
checkpoints/llama3.1-8b-uk-soft-panel,Pakistan,0.6783787597397685,0.3806537477572232,563
checkpoints/llama3.1-8b-uk-soft-panel,Malaysia,0.6752117866463,0.3589860194700168,376
checkpoints/llama3.1-8b-uk-soft-panel,Jordan,0.6746334071255015,0.38432213614182414,597
checkpoints/llama3.1-8b-uk-soft-panel,Tunisia,0.6736194812291636,0.3820472808482804,421
checkpoints/llama3.1-8b-uk-soft-panel,Poland (Non-national sample),0.6722834842273864,0.4084107399012037,8
checkpoints/llama3.1-8b-uk-soft-panel,Netherlands,0.6703117830452567,0.38063442620953797,468
checkpoints/llama3.1-8b-uk-soft-panel,Ivory Coast,0.6695833766619212,0.37898823751429755,2
checkpoints/llama3.1-8b-uk-soft-panel,Kazakhstan,0.6636267249735126,0.38682609368119786,196
checkpoints/llama3.1-8b-uk-soft-panel,Greece,0.6615487526989773,0.39327293603272623,467
checkpoints/llama3.1-8b-uk-soft-panel,Morocco (Non-national sample),0.6609468727678739,0.40288707330687795,77
checkpoints/llama3.1-8b-uk-soft-panel,Albania,0.6598242991516885,0.39867955752381706,115
checkpoints/llama3.1-8b-uk-soft-panel,Venezuela,0.6577054300625805,0.383736827206486,345
checkpoints/llama3.1-8b-uk-soft-panel,Bolivia,0.6555375904477739,0.3960636507022181,253
checkpoints/llama3.1-8b-uk-soft-panel,Serbia,0.6550538467746081,0.40299745640156065,199
checkpoints/llama3.1-8b-uk-soft-panel,Sweden,0.654870835727097,0.39944294942314246,411
checkpoints/llama3.1-8b-uk-soft-panel,Vietnam,0.6525606417659904,0.39009623430344503,317
checkpoints/llama3.1-8b-uk-soft-panel,Egypt,0.652490815546892,0.4097000147025629,421
checkpoints/llama3.1-8b-uk-soft-panel,Czechia,0.6508333979130194,0.3986545536019736,199
checkpoints/llama3.1-8b-uk-soft-panel,Russia (Non-national sample),0.6498752219298386,0.4390413253442709,22
checkpoints/llama3.1-8b-uk-soft-panel,New Zealand,0.6473497741408972,0.40620232401114953,248
checkpoints/llama3.1-8b-uk-soft-panel,Ecuador,0.6472921119014692,0.4000014067103067,199
checkpoints/llama3.1-8b-uk-soft-panel,Uruguay,0.6470179808211558,0.40708076487374245,199
checkpoints/llama3.1-8b-uk-soft-panel,Romania,0.6465917129602045,0.4130639184192329,199
checkpoints/llama3.1-8b-uk-soft-panel,Morocco,0.6464782627266036,0.39342597724605405,273
checkpoints/llama3.1-8b-uk-soft-panel,Cyprus,0.6447146513662171,0.4168431114330648,199
checkpoints/llama3.1-8b-uk-soft-panel,Colombia,0.6438757915562673,0.3988135221062189,280
checkpoints/llama3.1-8b-uk-soft-panel,China,0.6420975482282273,0.41620538254489936,289
checkpoints/llama3.1-8b-uk-soft-panel,Guatemala,0.6412580049520433,0.3876166655420317,201
checkpoints/llama3.1-8b-uk-soft-panel,Mongolia,0.6400391529601132,0.39239745197523995,199
checkpoints/llama3.1-8b-uk-soft-panel,Armenia,0.6389029852511832,0.41272037550738466,199
checkpoints/llama3.1-8b-uk-soft-panel,Nicaragua,0.6381659119197707,0.40024702307912663,250
checkpoints/llama3.1-8b-uk-soft-panel,Belarus,0.6381526236534759,0.42417873192959354,115
checkpoints/llama3.1-8b-uk-soft-panel,Pakistan (Non-national sample),0.6378636146269271,0.4570759881750497,24
checkpoints/llama3.1-8b-uk-soft-panel,North Macedonia,0.63784709341959,0.422897473458386,115
checkpoints/llama3.1-8b-uk-soft-panel,Bangladesh,0.6366546110383781,0.4122308067584378,255
checkpoints/llama3.1-8b-uk-soft-panel,Iraq,0.6358393583260129,0.41282079553488077,189
checkpoints/llama3.1-8b-uk-soft-panel,Montenegro,0.635571976638621,0.42200534037113274,115
checkpoints/llama3.1-8b-uk-soft-panel,Latvia,0.6344689694734561,0.4250912422127203,116
checkpoints/llama3.1-8b-uk-soft-panel,Great Britain,0.6339940838396326,0.42266377298187646,199
checkpoints/llama3.1-8b-uk-soft-panel,Belgium,0.6330725262076982,0.42224667214532186,103
checkpoints/llama3.1-8b-uk-soft-panel,Iran,0.6317629014072584,0.4216616527194496,194
checkpoints/llama3.1-8b-uk-soft-panel,Northern Ireland,0.6302750908294481,0.4226939694897398,198
checkpoints/llama3.1-8b-uk-soft-panel,Andorra,0.6300864974402095,0.4333342344223828,198
checkpoints/llama3.1-8b-uk-soft-panel,Ethiopia,0.6295994830985594,0.4310379571927791,232
checkpoints/llama3.1-8b-uk-soft-panel,Zimbabwe,0.6286602657318294,0.42734763828216776,199
checkpoints/llama3.1-8b-uk-soft-panel,Singapore,0.6283516991104733,0.42403451986300916,245
checkpoints/llama3.1-8b-uk-soft-panel,Hong Kong SAR,0.6282999321394074,0.42408918117979455,199
checkpoints/llama3.1-8b-uk-soft-panel,Estonia,0.6282904913708433,0.4316519206234399,115
checkpoints/llama3.1-8b-uk-soft-panel,Austria,0.6258099887156228,0.435845775495934,115
checkpoints/llama3.1-8b-uk-soft-panel,Croatia,0.625489058803323,0.4416797668093431,115
checkpoints/llama3.1-8b-uk-soft-panel,Libya,0.6248660733423236,0.442962682737932,199
checkpoints/llama3.1-8b-uk-soft-panel,Kyrgyzstan,0.6217476321996623,0.44554362326268854,195
checkpoints/llama3.1-8b-uk-soft-panel,Puerto Rico,0.6202674398436809,0.4255362916881276,199
checkpoints/llama3.1-8b-uk-soft-panel,Slovenia,0.6188863506496032,0.44564774211443614,115
checkpoints/llama3.1-8b-uk-soft-panel,Macau SAR,0.6186714900983519,0.43158027149412803,198
checkpoints/llama3.1-8b-uk-soft-panel,Portugal,0.6169591721863951,0.44731769813775896,115
checkpoints/llama3.1-8b-uk-soft-panel,Maldives,0.6159516158828399,0.44376584730549795,199
checkpoints/llama3.1-8b-uk-soft-panel,Finland,0.6150399883424917,0.44820109938137015,115
checkpoints/llama3.1-8b-uk-soft-panel,Bosnia Herzegovina,0.6140980168616673,0.4527318532583699,115
checkpoints/llama3.1-8b-uk-soft-panel,Tajikistan,0.6081480295202482,0.43353591576154715,190
checkpoints/llama3.1-8b-uk-soft-panel,Taiwan ROC,0.6078867334815307,0.44538524230073845,199
checkpoints/llama3.1-8b-uk-soft-panel,Switzerland,0.6075597952214272,0.45594976963472095,115
checkpoints/llama3.1-8b-uk-soft-panel,Georgia,0.6066218034097499,0.4595318876327369,115
checkpoints/llama3.1-8b-uk-soft-panel,Norway,0.5960103658151717,0.46953128299959956,115
checkpoints/llama3.1-8b-uk-soft-panel,Myanmar,0.5954102029738668,0.45946188315140696,196
checkpoints/llama3.1-8b-uk-soft-panel,Azerbaijan,0.590541675153876,0.46528479196394923,115
checkpoints/llama3.1-8b-uk-soft-panel,South Korea,0.5871553768151012,0.4601703337799987,199
checkpoints/llama3.1-8b-uk-soft-panel,Iceland,0.5860388391767087,0.4850017685918818,114
checkpoints/llama3.1-8b-uk-soft-panel,Denmark,0.5860147689183162,0.47840143426992077,175
checkpoints/llama3.1-8b-uk-soft-panel,Jordan (Non-national sample),0.47172389828703953,0.614188534133423,1
checkpoints/llama3.1-8b-uk-soft-panel,Philippines (Non-national sample),0.449284062896556,0.6194118437703089,1
checkpoints/llama3.1-8b-uk-soft-panel,Tanzania (Non-national sample),0.4441480910549004,0.6358122537805593,1
checkpoints/llama3.1-8b-uk-soft-panel,Colombia (Non-national sample),0.442751342551726,0.6437671201327264,1
checkpoints/llama3.1-8b-uk-hard-panel,Venezuela (Non-national sample),0.763035044117765,0.2699530495666125,125
checkpoints/llama3.1-8b-uk-hard-panel,Angola (Non-national sample),0.762743184977219,0.2755114308225814,86
checkpoints/llama3.1-8b-uk-hard-panel,India (Old national sample),0.760621154597905,0.2802129914679143,83
checkpoints/llama3.1-8b-uk-hard-panel,Bolivia (Non-national sample),0.7602749491234752,0.2740080558024142,125
checkpoints/llama3.1-8b-uk-hard-panel,Nigeria (Non-national sample),0.7594292246105631,0.2810392538847755,219
checkpoints/llama3.1-8b-uk-hard-panel,Czech Rep.,0.7590305641394749,0.27716837093323765,239
checkpoints/llama3.1-8b-uk-hard-panel,Guatemala (Non-national sample),0.7519007873948045,0.28525312281903853,87
checkpoints/llama3.1-8b-uk-hard-panel,Britain,0.7513736727015475,0.289054516437346,647
checkpoints/llama3.1-8b-uk-hard-panel,Ghana,0.749511846893482,0.2907871211766755,243
checkpoints/llama3.1-8b-uk-hard-panel,Israel,0.7463646272152539,0.2941918737334042,344
checkpoints/llama3.1-8b-uk-hard-panel,S. Africa,0.7455321691799657,0.29384669508944294,330
checkpoints/llama3.1-8b-uk-hard-panel,Egypt (Non-national sample),0.743416683859502,0.3019104845345658,55
checkpoints/llama3.1-8b-uk-hard-panel,Honduras (Non-national sample),0.7430266456502621,0.2984838824926923,87
checkpoints/llama3.1-8b-uk-hard-panel,Burkina Faso,0.7421721776035654,0.30332759009912197,48
checkpoints/llama3.1-8b-uk-hard-panel,India (Non-national sample),0.741725221225637,0.2979651039296687,252
checkpoints/llama3.1-8b-uk-hard-panel,Ivory Coast (Non-national sample),0.7410253755700551,0.2980977473148533,119
checkpoints/llama3.1-8b-uk-hard-panel,Poland,0.7403050269235129,0.3044179514367125,578
checkpoints/llama3.1-8b-uk-hard-panel,Tanzania,0.7398813840900388,0.3002748957247826,245
checkpoints/llama3.1-8b-uk-hard-panel,Uganda,0.7367625089845715,0.2998981362358157,215
checkpoints/llama3.1-8b-uk-hard-panel,Senegal (Non-national sample),0.7351966737211757,0.3038740701413354,119
checkpoints/llama3.1-8b-uk-hard-panel,Taiwan,0.7347931769845659,0.29931258211841766,49
checkpoints/llama3.1-8b-uk-hard-panel,Brazil (Non-national sample),0.7332964862095994,0.3036688609930314,185
checkpoints/llama3.1-8b-uk-hard-panel,India (Current national sample),0.7322902318472326,0.3101538459624838,229
checkpoints/llama3.1-8b-uk-hard-panel,Senegal,0.7290274244775036,0.3119263655835704,155
checkpoints/llama3.1-8b-uk-hard-panel,Uzbekistan,0.725221775206708,0.3175577225329943,89
checkpoints/llama3.1-8b-uk-hard-panel,Mali,0.7249513033076856,0.3109344011800099,75
checkpoints/llama3.1-8b-uk-hard-panel,Russia,0.7245081726455268,0.3241933751826419,712
checkpoints/llama3.1-8b-uk-hard-panel,Bangladesh (Non-national sample),0.7235251750212217,0.322203255300024,124
checkpoints/llama3.1-8b-uk-hard-panel,China (Non-national sample),0.7234345211700408,0.3279067995513037,226
checkpoints/llama3.1-8b-uk-hard-panel,S. Africa (Non-national sample),0.72324898499198,0.3120269207630847,73
checkpoints/llama3.1-8b-uk-hard-panel,UK,0.7230229869276723,0.32184091440661206,846
checkpoints/llama3.1-8b-uk-hard-panel,Kenya,0.7223262941937304,0.31669835149186765,569
checkpoints/llama3.1-8b-uk-hard-panel,Mali (Non-national sample),0.7222922301890005,0.3186301632087067,87
checkpoints/llama3.1-8b-uk-hard-panel,USA,0.7202389608234326,0.32023242024877446,846
checkpoints/llama3.1-8b-uk-hard-panel,United States,0.7202389608234326,0.32023242024877446,846
checkpoints/llama3.1-8b-uk-hard-panel,Ethiopia (Non-national sample),0.7188097579879905,0.3165822869124501,75
checkpoints/llama3.1-8b-uk-hard-panel,Kuwait,0.7180377347139197,0.3264524674628624,95
checkpoints/llama3.1-8b-uk-hard-panel,Indonesia (Non-national sample),0.7162659949531154,0.3337061083113057,105
checkpoints/llama3.1-8b-uk-hard-panel,El Salvador,0.714684498565786,0.3099388232623813,92
checkpoints/llama3.1-8b-uk-hard-panel,Italy,0.7141327816302875,0.3335164390708655,609
checkpoints/llama3.1-8b-uk-hard-panel,Mexico,0.7138372843152789,0.3283970866893474,598
checkpoints/llama3.1-8b-uk-hard-panel,France,0.7124397755301447,0.33028463378191253,758
checkpoints/llama3.1-8b-uk-hard-panel,Spain,0.7080963064590342,0.3373659511780111,670
checkpoints/llama3.1-8b-uk-hard-panel,Germany,0.7080249231778953,0.3409435763944537,844
checkpoints/llama3.1-8b-uk-hard-panel,Ukraine,0.7063104447141262,0.34157220245943554,475
checkpoints/llama3.1-8b-uk-hard-panel,S. Korea,0.7054457193430179,0.34010381949506285,467
checkpoints/llama3.1-8b-uk-hard-panel,Chile,0.7015304327007581,0.3383830703563034,403
checkpoints/llama3.1-8b-uk-hard-panel,Slovakia,0.7010961715465981,0.3454760709135609,386
checkpoints/llama3.1-8b-uk-hard-panel,Hungary,0.7010875285857419,0.3497826000735147,302
checkpoints/llama3.1-8b-uk-hard-panel,Poland (Non-national sample),0.7009142859144699,0.3741406915071327,8
checkpoints/llama3.1-8b-uk-hard-panel,Bulgaria,0.7003749959706325,0.35067271798432104,302
checkpoints/llama3.1-8b-uk-hard-panel,Brazil,0.6987270802427407,0.35109592952377405,493
checkpoints/llama3.1-8b-uk-hard-panel,Palest. ter.,0.6984504468100754,0.3538348204786143,234
checkpoints/llama3.1-8b-uk-hard-panel,Canada,0.6967517723322557,0.34735210953290957,663
checkpoints/llama3.1-8b-uk-hard-panel,Lithuania,0.6941077855795482,0.35758593503779895,237
checkpoints/llama3.1-8b-uk-hard-panel,Japan,0.6939377254090716,0.3557451992738603,708
checkpoints/llama3.1-8b-uk-hard-panel,Nigeria,0.6929152918106745,0.3509524875721242,469
checkpoints/llama3.1-8b-uk-hard-panel,Philippines,0.6925342903581201,0.3427973493191112,495
checkpoints/llama3.1-8b-uk-hard-panel,Argentina,0.6903910875667054,0.3613164427065102,571
checkpoints/llama3.1-8b-uk-hard-panel,Peru,0.6899637730424569,0.3596526313165929,417
checkpoints/llama3.1-8b-uk-hard-panel,Turkey,0.6885371896501093,0.36952319659721894,662
checkpoints/llama3.1-8b-uk-hard-panel,Indonesia,0.6879158549651206,0.3626615715251101,594
checkpoints/llama3.1-8b-uk-hard-panel,Lebanon,0.685345508895375,0.3624300661037784,598
checkpoints/llama3.1-8b-uk-hard-panel,Australia,0.685128910750132,0.36017365732278656,538
checkpoints/llama3.1-8b-uk-hard-panel,Thailand,0.6776968680236142,0.36011469232284266,252
checkpoints/llama3.1-8b-uk-hard-panel,Jordan,0.6762575738882386,0.38240178413007075,597
checkpoints/llama3.1-8b-uk-hard-panel,Malaysia,0.6745222632690074,0.3614125608557431,376
checkpoints/llama3.1-8b-uk-hard-panel,Tunisia,0.671350158345798,0.3862934809164274,421
checkpoints/llama3.1-8b-uk-hard-panel,Pakistan,0.6700717210850002,0.39073892965447643,563
checkpoints/llama3.1-8b-uk-hard-panel,Russia (Non-national sample),0.6698774668142585,0.4027704653850821,22
checkpoints/llama3.1-8b-uk-hard-panel,Honduras,0.6670713462015583,0.36808115688523513,2
checkpoints/llama3.1-8b-uk-hard-panel,Albania,0.6667241920419518,0.39467186916297625,115
checkpoints/llama3.1-8b-uk-hard-panel,Vietnam (Non-national sample),0.666378430273371,0.38323912304315705,68
checkpoints/llama3.1-8b-uk-hard-panel,Netherlands,0.6662022042849749,0.3863187341268045,468
checkpoints/llama3.1-8b-uk-hard-panel,Angola,0.6643008157619013,0.37075144144744204,2
checkpoints/llama3.1-8b-uk-hard-panel,Greece,0.6628531460426791,0.3928970145272607,467
checkpoints/llama3.1-8b-uk-hard-panel,Morocco (Non-national sample),0.6617182916905212,0.40333455792107176,77
checkpoints/llama3.1-8b-uk-hard-panel,Bolivia,0.660180362587212,0.3920800913550631,253
checkpoints/llama3.1-8b-uk-hard-panel,Serbia,0.6579458317287902,0.4043144735221811,199
checkpoints/llama3.1-8b-uk-hard-panel,Venezuela,0.6576399712471654,0.3821944304561182,345
checkpoints/llama3.1-8b-uk-hard-panel,Egypt,0.6573708330099524,0.4025068144560329,421
checkpoints/llama3.1-8b-uk-hard-panel,Kazakhstan,0.6556820330587562,0.39640479473411994,196
checkpoints/llama3.1-8b-uk-hard-panel,New Zealand,0.6529219929284434,0.39986612705624364,248
checkpoints/llama3.1-8b-uk-hard-panel,Czechia,0.6527813830405482,0.400807980383692,199
checkpoints/llama3.1-8b-uk-hard-panel,Sweden,0.649461291646123,0.4063554807255562,411
checkpoints/llama3.1-8b-uk-hard-panel,Belarus,0.6474209580207608,0.415585513344844,115
checkpoints/llama3.1-8b-uk-hard-panel,Romania,0.6473116382170884,0.414119437168158,199
checkpoints/llama3.1-8b-uk-hard-panel,Vietnam,0.6451802475197899,0.39978226072156015,317
checkpoints/llama3.1-8b-uk-hard-panel,Cyprus,0.6438624059469646,0.4202289003962547,199
checkpoints/llama3.1-8b-uk-hard-panel,Colombia,0.6438121527407242,0.3960049056654549,280
checkpoints/llama3.1-8b-uk-hard-panel,North Macedonia,0.6437990908121279,0.4220094174578355,115
checkpoints/llama3.1-8b-uk-hard-panel,Montenegro,0.6431836484379184,0.4180914911574258,115
checkpoints/llama3.1-8b-uk-hard-panel,Mongolia,0.6430250985270418,0.3922666673766807,199
checkpoints/llama3.1-8b-uk-hard-panel,Latvia,0.6422586429370348,0.4192442711142216,116
checkpoints/llama3.1-8b-uk-hard-panel,Morocco,0.6407703290440886,0.3998591740154879,273
checkpoints/llama3.1-8b-uk-hard-panel,Guatemala,0.6406596602995988,0.38969129349643605,201
checkpoints/llama3.1-8b-uk-hard-panel,Uruguay,0.6404126748738966,0.4159615893590619,199
checkpoints/llama3.1-8b-uk-hard-panel,Iraq,0.640371868897481,0.4089293734550186,189
checkpoints/llama3.1-8b-uk-hard-panel,Ecuador,0.640090404216639,0.4121725996615978,199
checkpoints/llama3.1-8b-uk-hard-panel,Armenia,0.6396094947598623,0.41532724027685625,199
checkpoints/llama3.1-8b-uk-hard-panel,China,0.6387680745416757,0.4198689889460614,289
checkpoints/llama3.1-8b-uk-hard-panel,Estonia,0.6384573199386139,0.42210768095521184,115
checkpoints/llama3.1-8b-uk-hard-panel,Pakistan (Non-national sample),0.6376985121151669,0.4525748276173598,24
checkpoints/llama3.1-8b-uk-hard-panel,Belgium,0.6361461299074476,0.41319578074668784,103
checkpoints/llama3.1-8b-uk-hard-panel,Austria,0.6326522735952257,0.4294463030750194,115
checkpoints/llama3.1-8b-uk-hard-panel,Singapore,0.6321714617268748,0.417977886364548,245
checkpoints/llama3.1-8b-uk-hard-panel,Nicaragua,0.6311372660076667,0.4067238925863696,250
checkpoints/llama3.1-8b-uk-hard-panel,Great Britain,0.630847641723164,0.4284378967488995,199
checkpoints/llama3.1-8b-uk-hard-panel,Croatia,0.6302351256174309,0.44105753750465027,115
checkpoints/llama3.1-8b-uk-hard-panel,Bangladesh,0.6284643648352094,0.4229449770976148,255
checkpoints/llama3.1-8b-uk-hard-panel,Ivory Coast,0.6282349175583102,0.43460620065361816,2
checkpoints/llama3.1-8b-uk-hard-panel,Northern Ireland,0.6280377135822247,0.427393995096731,198
checkpoints/llama3.1-8b-uk-hard-panel,Slovenia,0.6276325378053017,0.438557317487695,115
checkpoints/llama3.1-8b-uk-hard-panel,Hong Kong SAR,0.6264308196141148,0.4295247526491995,199
checkpoints/llama3.1-8b-uk-hard-panel,Andorra,0.6263520842403821,0.4400276861899828,198
checkpoints/llama3.1-8b-uk-hard-panel,Iran,0.6247838258914208,0.4299180710315224,194
checkpoints/llama3.1-8b-uk-hard-panel,Portugal,0.6223792984015013,0.44202605360371844,115
checkpoints/llama3.1-8b-uk-hard-panel,Finland,0.6208451243776024,0.4413554920171419,115
checkpoints/llama3.1-8b-uk-hard-panel,Ethiopia,0.61891561774211,0.44457343441042874,232
checkpoints/llama3.1-8b-uk-hard-panel,Libya,0.6185518039965948,0.4480359792786124,199
checkpoints/llama3.1-8b-uk-hard-panel,Bosnia Herzegovina,0.6175779547315838,0.45017368151910825,115
checkpoints/llama3.1-8b-uk-hard-panel,Switzerland,0.6165231402510811,0.4455307506355557,115
checkpoints/llama3.1-8b-uk-hard-panel,Zimbabwe,0.6159565002847848,0.4425063308634604,199
checkpoints/llama3.1-8b-uk-hard-panel,Macau SAR,0.6148913000161722,0.43362128545888395,198
checkpoints/llama3.1-8b-uk-hard-panel,Georgia,0.6110665571101713,0.45898788991487743,115
checkpoints/llama3.1-8b-uk-hard-panel,Puerto Rico,0.6098716026463733,0.4397700268375649,199
checkpoints/llama3.1-8b-uk-hard-panel,Kyrgyzstan,0.6097791365483121,0.4617328075131195,195
checkpoints/llama3.1-8b-uk-hard-panel,Maldives,0.609463417698672,0.4518473740633033,199
checkpoints/llama3.1-8b-uk-hard-panel,Tajikistan,0.6065302913632077,0.4342341210729521,190
checkpoints/llama3.1-8b-uk-hard-panel,Taiwan ROC,0.6052343540471201,0.44942618129299056,199
checkpoints/llama3.1-8b-uk-hard-panel,Azerbaijan,0.5960727589833614,0.45805459704566615,115
checkpoints/llama3.1-8b-uk-hard-panel,Norway,0.595474430784052,0.46994225804804757,115
checkpoints/llama3.1-8b-uk-hard-panel,Iceland,0.5918392899547168,0.4794853712695969,114
checkpoints/llama3.1-8b-uk-hard-panel,South Korea,0.5873623881286385,0.46127665124219575,199
checkpoints/llama3.1-8b-uk-hard-panel,Myanmar,0.584963544513882,0.46964512719560025,196
checkpoints/llama3.1-8b-uk-hard-panel,Denmark,0.580776888035647,0.4862383058845699,175
checkpoints/llama3.1-8b-uk-hard-panel,Jordan (Non-national sample),0.4730048189694084,0.6047750382831958,1
checkpoints/llama3.1-8b-uk-hard-panel,Philippines (Non-national sample),0.4426420226868133,0.6101147059920804,1
checkpoints/llama3.1-8b-uk-hard-panel,Colombia (Non-national sample),0.43549330061842084,0.6343536242824992,1
checkpoints/llama3.1-8b-uk-hard-panel,Tanzania (Non-national sample),0.43486131911883197,0.6265151160023306,1
